,node,y,x,street_count,highway,ref
0,486374,50.8789929,11.6241041,3,,
1,486611,50.8719092,11.5935316,3,,
2,31918151,50.8676555,11.5979319,4,,
3,31918156,50.8723173,11.5972133,3,motorway_junction,
4,31993078,50.8675411,11.5999581,3,,
5,31993087,50.8684707,11.601028,3,,
6,31993103,50.8687877,11.6031536,4,,
7,31993385,50.8775931,11.6192897,4,,
8,31995360,50.862382,11.5952412,3,,
9,31995366,50.8622873,11.5940962,3,,
10,31995540,50.8664572,11.6003413,3,,
11,31995620,50.867273,11.6000537,3,,
12,31996209,50.8724352,11.5951195,3,,
13,32125579,50.96088,11.5222307,4,,
14,32125585,50.9625319,11.5224511,3,,
15,32127618,50.9320018,11.6580601,3,,
16,32127691,50.930185,11.5838965,3,,
17,32127701,50.9335416,11.5706276,3,traffic_signals,
18,32127714,50.939407,11.5490205,3,,
19,32127760,50.9603542,11.5070997,3,,
20,32127783,50.9303592,11.5927789,4,,
21,32463724,50.9369293,11.5970519,3,,
22,32463783,50.9245297,11.5853057,3,,
23,32463787,50.9239347,11.5838141,3,,
24,32463826,50.901777,11.5780632,4,,
25,32463829,50.8987892,11.5799616,3,,
26,33322510,50.904523,11.5541354,3,,
27,33322828,50.8689262,11.5665411,3,,
28,33322856,50.8684942,11.5639151,1,,
29,33323084,50.8782884,11.6214189,4,,
30,35304293,50.8941804,11.5786047,4,,
31,35304303,50.8980721,11.5714547,3,,
32,35304309,50.9006323,11.5699387,3,,
33,35304319,50.9006435,11.5716602,3,,
34,35304335,50.8984849,11.5927013,4,,
35,35304352,50.8982803,11.5998598,4,,
36,35304357,50.8963478,11.6033451,3,motorway_junction,
37,35304360,50.895621,11.6033463,3,,
38,35304363,50.8948518,11.602824,3,,
39,35304375,50.8956881,11.6018243,3,,
40,35304395,50.9232476,11.5949014,3,,
41,35304401,50.9229241,11.6004169,3,,
42,35304404,50.921719,11.6031249,3,,
43,35304416,50.9200887,11.6119229,3,,
44,35304433,50.9186764,11.6267059,3,,
45,35304438,50.9179512,11.6315991,1,,
46,35304624,50.8873464,11.6105598,3,,
47,35304625,50.8890822,11.6076641,3,,
48,35304629,50.8937154,11.6022141,3,motorway_junction,
49,35304634,50.8962806,11.6018433,3,,
50,35304702,50.926975,11.5904681,3,,
51,35304709,50.9269721,11.5902895,4,,
52,35304755,50.8880248,11.6092383,3,motorway_junction,
53,35304757,50.8868642,11.6109854,3,motorway_junction,
54,35304767,50.8957421,11.6029132,3,,
55,35304837,50.8883464,11.6117743,3,,
56,35304845,50.8851549,11.6084591,4,,
57,35304855,50.8851184,11.6085403,4,,
58,35304870,50.8836288,11.6199823,3,,
59,35304875,50.8821071,11.6233449,4,,
60,35304885,50.881316,11.6298597,4,traffic_signals,
61,35304894,50.8837305,11.6202106,3,,
62,35304896,50.8871024,11.6160976,4,,
63,35305560,50.8864187,11.6093026,4,,
64,35305562,50.9259805,11.5906433,4,,
65,49261948,50.8834421,11.5966035,4,,
66,49261986,50.8977962,11.5925217,4,,
67,49262173,50.9432029,11.5936113,3,,
68,49262185,50.9458637,11.5936088,3,,
69,49314791,50.9574821,11.6069427,3,,
70,49314799,50.9605089,11.6089228,3,,
71,49314800,50.9620327,11.6081453,3,,
72,49314883,50.9697619,11.5982284,3,,
73,49315015,50.9598088,11.5723551,3,,
74,49315060,50.9527802,11.5619,3,,
75,49315068,50.9497184,11.5571891,3,,
76,49315070,50.949357,11.5573688,3,,
77,49315173,50.9403238,11.5462244,3,,
78,49319083,50.939002,11.5488425,3,,
79,51207548,50.8779049,11.6202233,3,,
80,52025442,50.9286744,11.5984478,4,,
81,52025629,50.9304112,11.5997208,4,,
82,52028042,50.9306426,11.5990782,3,,
83,52028044,50.9302686,11.6024323,3,,
84,52028052,50.928416,11.6008394,3,,
85,52028066,50.9287338,11.6012713,3,,
86,52028413,50.9297942,11.6013547,3,,
87,52055140,50.9293211,11.574187,3,,
88,52055145,50.930007,11.5747978,3,,
89,52055148,50.9305852,11.5733207,3,,
90,52055153,50.9305637,11.5712117,4,traffic_signals,
91,52055177,50.9284069,11.5835268,3,,
92,84524332,50.9448803,11.6019246,3,,
93,84524401,50.9322706,11.5913239,4,,
94,84524497,50.9516433,11.6125476,4,,
95,84524588,50.9337298,11.5907248,4,,
96,84524633,50.948849,11.6087402,3,,
97,84524808,50.9359645,11.5894832,4,,
98,84524852,50.9304465,11.5926863,4,,
99,84524907,50.9395501,11.592636,3,,
100,84525011,50.9406486,11.5936421,4,,
101,86677562,50.9087199,11.5714726,3,,
102,86693989,50.9240413,11.5687794,4,,
103,86693995,50.9266455,11.5696351,3,,
104,88136286,50.9203981,11.5897058,3,,
105,88136287,50.9148721,11.5872925,4,,
106,88136326,50.9203902,11.589875,4,,
107,88136328,50.9265437,11.592062,3,,
108,88136332,50.8989105,11.5803838,3,,
109,88136350,50.8985019,11.5898542,3,traffic_signals,
110,88136364,50.9149201,11.5871407,3,,
111,88136367,50.9240401,11.5903762,3,,
112,88136387,50.9241443,11.5904021,3,,
113,88136402,50.9240197,11.5905574,4,,
114,88136481,50.9241246,11.5905849,4,,
115,88136541,50.8986409,11.59808,3,,
116,88136584,50.9256868,11.5906872,3,,
117,88136601,50.9005103,11.5995713,3,motorway_junction,
118,88158409,50.8784417,11.5929998,3,,
119,88158414,50.8806715,11.591992,3,,
120,88158430,50.8778988,11.5930867,3,,
121,91399668,50.9752167,11.5504848,3,,
122,91399696,50.9730588,11.5337741,3,,
123,121958014,50.9497792,11.6174874,4,,
124,121960464,50.9557921,11.6383461,4,,
125,121981548,50.9358612,11.5750802,3,,
126,121983928,50.9502614,11.5617261,3,,
127,121983930,50.950008,11.561158,3,,
128,121983936,50.9485636,11.560547,3,,
129,121985232,50.9648647,11.5401012,3,,
130,121985258,50.9593066,11.5539778,3,,
131,121988646,50.972726,11.5367144,3,,
132,121989830,50.9752207,11.5501926,3,,
133,122017612,50.9257275,11.5317841,3,,
134,122215304,50.9125413,11.5669755,1,,
135,196197246,50.8814067,11.6035863,3,,
136,196197249,50.880876,11.602457,3,,
137,196197252,50.8801427,11.6008487,3,,
138,196197270,50.9242618,11.5828884,3,,
139,251608330,50.8874392,11.6031324,1,,
140,252059864,50.8862875,11.6094036,4,,
141,252102088,50.8622766,11.5936097,3,,
142,252102094,50.8613606,11.5976037,3,,
143,252102102,50.8657872,11.5976737,1,,
144,252105906,50.893193,11.5875799,3,,
145,252107562,50.8902822,11.5847439,1,,
146,254180681,50.8804376,11.5940968,3,,
147,254180908,50.8934216,11.6042009,3,,
148,255680289,50.9260903,11.5833958,3,,
149,255680309,50.9294929,11.5837169,3,,
150,255680310,50.9294993,11.5833689,2,,
151,257072130,50.9018648,11.5734627,4,,
152,257157649,50.9015565,11.5762442,3,,
153,257158698,50.9001065,11.5779047,1,turning_circle,
154,257159220,50.9012306,11.572896,3,,
155,257260465,50.9007374,11.573278,2,,
156,257586427,50.9047287,11.577189,3,,
157,257705166,50.907398,11.5762721,3,,
158,257705180,50.9070235,11.5767262,3,,
159,257705191,50.9292909,11.5758243,3,,
160,257705200,50.9337261,11.5875772,4,,
161,257705205,50.9322993,11.5886139,4,,
162,257705206,50.9321843,11.5886035,4,,
163,257705211,50.9337056,11.5887188,4,,
164,257705212,50.9330214,11.5886678,4,,
165,257705223,50.9260309,11.5869437,3,,
166,257705226,50.9251351,11.5872409,3,,
167,257705240,50.9194667,11.5920244,3,,
168,257705242,50.9204687,11.5918378,4,,
169,257705329,50.8816457,11.6353461,3,,
170,257705333,50.8809859,11.6369563,3,,
171,257705349,50.8820908,11.6356331,3,,
172,257705402,50.9190857,11.5937525,3,,
173,257705406,50.9176967,11.5944666,3,,
174,257705408,50.9165323,11.5956974,1,,
175,257706998,50.9048698,11.5744596,4,,
176,257752164,50.9082971,11.5764635,3,,
177,257752165,50.9081926,11.5767651,3,,
178,257752176,50.9045252,11.5789536,4,,
179,257754880,50.917081,11.5793896,3,,
180,258110672,50.9020523,11.5769386,3,,
181,258110680,50.9046807,11.576584,3,,
182,258110684,50.9060806,11.5771146,3,,
183,258110688,50.9062509,11.5795108,3,,
184,258123328,50.9265585,11.5893106,3,,
185,258123345,50.926983,11.5893159,3,,
186,258883267,50.8968463,11.5720939,1,,
187,258883773,50.8959021,11.5733039,2,,
188,258935866,50.9028504,11.5670721,1,turning_circle,
189,258938407,50.8999391,11.5684381,1,turning_circle,
190,258939470,50.9008999,11.5688913,3,,
191,258939472,50.900996,11.5678326,3,,
192,258939582,50.9017436,11.5693709,1,turning_circle,
193,259249871,50.9045566,11.5580153,4,,
194,259254569,50.9043161,11.5581994,3,,
195,259254573,50.9041537,11.5582908,3,,
196,259254579,50.9039369,11.5576575,3,,
197,259255658,50.9032332,11.5578215,1,,
198,259609001,50.9258874,11.589396,1,,
199,259776820,50.9142588,11.5729047,1,,
200,259782385,50.9277649,11.5833933,3,,
201,259782387,50.9271679,11.5852053,4,,
202,259783949,50.9194924,11.5692864,3,,
203,259784492,50.9067041,11.5769923,3,,
204,259784495,50.9053928,11.5772421,3,,
205,259784496,50.9055582,11.5796712,3,,
206,260172313,50.9146947,11.5621342,3,,
207,260172314,50.9148953,11.5620278,3,,
208,260172317,50.915575,11.5623742,3,,
209,260172378,50.9202528,11.5657151,1,,
210,260172386,50.9204667,11.56972,3,,
211,260176522,50.9202673,11.5658514,3,,
212,260176525,50.9209956,11.5658251,3,,
213,260176537,50.9204378,11.5687531,3,,
214,260180341,50.9204122,11.5676869,4,,
215,260180347,50.9219141,11.5674145,4,,
216,260180349,50.9223137,11.5668604,4,,
217,260180354,50.9229419,11.5666831,3,,
218,260180369,50.923889,11.5669817,4,,
219,260285563,50.9311964,11.5874057,3,,
220,260287139,50.9291528,11.5893148,1,,
221,260287140,50.9293091,11.5890439,3,,
222,260383987,50.9286719,11.5907135,3,traffic_signals,
223,260383988,50.928865,11.5872073,3,,
224,260457907,50.902108,11.5837224,3,,
225,260458055,50.9046987,11.5830429,4,,
226,260458322,50.9059515,11.5796083,3,,
227,260458346,50.9059086,11.5810403,3,,
228,260458578,50.8985385,11.5854267,3,,
229,260459787,50.8969291,11.5762309,3,,
230,260462658,50.9016493,11.5791308,3,,
231,260465688,50.8968265,11.5799127,3,,
232,260465689,50.8991302,11.578909,1,turning_circle,
233,260472133,50.9258989,11.5657403,3,,
234,260473963,50.9234826,11.5629709,1,,
235,260476693,50.9149848,11.5724054,3,,
236,260476694,50.9148226,11.5717264,3,,
237,260476697,50.910709,11.5708199,3,,
238,260476704,50.9100414,11.5722292,3,,
239,260806023,50.9002713,11.5928135,3,,
240,260807729,50.898111,11.5887653,1,,
241,260807732,50.8976911,11.5891908,3,,
242,260969514,50.9115237,11.5730364,1,,
243,261741377,50.8890779,11.5702977,1,,
244,261916464,50.9376358,11.5583719,3,,
245,261916927,50.9387525,11.5566884,1,,
246,261924814,50.9358798,11.5816369,1,,
247,261924905,50.9350952,11.5761488,3,,
248,261930065,50.9345434,11.5769568,3,,
249,261930369,50.9337257,11.5697189,3,,
250,261930951,50.9342428,11.5694555,3,,
251,261930952,50.934847,11.5678505,3,,
252,261931025,50.934383,11.5766841,3,,
253,261931031,50.9348032,11.5695119,3,,
254,262021119,50.8822761,11.6234206,4,,
255,262022499,50.8827842,11.623621,4,,
256,262022888,50.8819186,11.6295766,3,,
257,262023935,50.8854332,11.6277021,3,,
258,262027425,50.8826871,11.6296193,3,,
259,262027476,50.8817428,11.6339315,3,,
260,262027999,50.8829898,11.6302533,3,,
261,262028288,50.882482,11.6339115,1,,
262,262152646,50.9357002,11.5660687,1,,
263,262152914,50.9350034,11.5716052,1,,
264,262152915,50.9343325,11.5713478,4,,
265,262152916,50.933939,11.571191,3,,
266,262152917,50.9335511,11.5710631,1,,
267,262153036,50.9344118,11.5705724,3,,
268,262153037,50.9340504,11.5731068,4,,
269,262153139,50.9336249,11.5729187,4,,
270,262153221,50.9331816,11.5727367,4,,
271,262153222,50.934909,11.5734305,4,,
272,262153361,50.9335382,11.5763544,4,,
273,262153362,50.9334176,11.5773469,3,,
274,262153409,50.9330721,11.576194,4,,
275,262153410,50.9326408,11.5760204,3,,
276,262153462,50.9317324,11.5757057,4,,
277,262153463,50.9315654,11.5771889,4,,
278,262153464,50.9313817,11.578287,3,,
279,262153607,50.9309449,11.5753137,4,,
280,262154187,50.9323633,11.5775458,4,,
281,262154188,50.9304507,11.5765993,4,,
282,262154220,50.9302271,11.577669,4,,
283,262154800,50.9340503,11.5776299,3,,
284,262154846,50.9329253,11.577158,3,,
285,262154854,50.9346965,11.5714804,3,,
286,262155018,50.9343997,11.5732506,4,,
287,262155019,50.9341089,11.574943,4,,
288,262155020,50.9338568,11.5764696,3,,
289,262155049,50.934724,11.5745902,4,,
290,262155541,50.9337593,11.5748832,4,,
291,262155542,50.9333029,11.5747758,4,,
292,262155543,50.9328665,11.5746442,4,,
293,262158569,50.9346607,11.5799675,3,,
294,262158723,50.9336188,11.5810952,3,,
295,262158724,50.9339389,11.5845209,5,,
296,262158737,50.9338027,11.5810221,3,,
297,262158738,50.9345569,11.5838791,3,,
298,262159203,50.9350728,11.5833293,1,,
299,262160203,50.929735,11.5836897,3,,
300,262165103,50.9321954,11.5874635,3,,
301,262249422,50.9320847,11.5723071,4,,
302,262250152,50.9312502,11.5717866,4,,
303,262348371,50.9301545,11.5832969,1,,
304,262354439,50.883467,11.5936188,1,turning_circle,
305,262390216,50.919238,11.5681429,3,,
306,262390249,50.9160473,11.5632468,1,,
307,262533253,50.9204292,11.5587902,3,,
308,262543460,50.8851806,11.6118511,3,,
309,262543461,50.8835884,11.6136748,3,,
310,262543471,50.8843836,11.6101061,4,,
311,262543473,50.8840765,11.609427,3,,
312,262543476,50.8824836,11.6111502,3,,
313,262543507,50.883349,11.6078396,3,,
314,262550577,50.8819556,11.6047883,3,,
315,262550580,50.881217,11.603168,3,,
316,262679728,50.9227829,11.5660718,1,,
317,262768717,50.9053463,11.5605117,3,,
318,262874688,50.9305417,11.6017019,3,,
319,262874689,50.9313765,11.6024278,4,,
320,262874691,50.9328024,11.6036965,3,,
321,262874692,50.9324699,11.6045067,3,,
322,262874694,50.9301012,11.6005271,3,,
323,262876432,50.9191694,11.5672047,3,,
324,262876436,50.9203374,11.566686,4,,
325,262877000,50.921261,11.5665012,1,,
326,263037947,50.9263687,11.5849477,3,,
327,263042649,50.9205304,11.5800457,1,turning_circle,
328,263262527,50.8809439,11.6207169,3,,
329,263262580,50.8940168,11.578032,3,,
330,263264484,50.8986064,11.5927233,4,,
331,263264508,50.9290509,11.5837155,3,,
332,263885771,50.9151888,11.5745579,1,,
333,263885772,50.914874,11.5724868,3,,
334,263894112,50.9096655,11.5722006,1,,
335,263894131,50.9079598,11.5672059,1,,
336,263898052,50.9140348,11.5730624,1,,
337,264775899,50.9106306,11.5748809,1,,
338,264775903,50.9103192,11.5745625,1,,
339,264779742,50.8965418,11.5924604,3,,
340,264779744,50.8966406,11.5920831,5,,
341,264780879,50.9046252,11.5773747,3,,
342,265481391,50.9298196,11.5891181,3,,
343,265481394,50.9298663,11.5871686,3,,
344,265483217,50.9222816,11.5815066,3,,
345,265483227,50.9220899,11.5820184,1,,
346,265619000,50.9297254,11.5802591,4,,
347,265757725,50.9585943,11.6177554,3,,
348,265757734,50.9599903,11.6154881,3,,
349,265757812,50.9623178,11.6193315,1,,
350,265757820,50.9617789,11.6185782,3,,
351,265757994,50.9607943,11.6187941,3,,
352,265757995,50.9602724,11.6198888,3,,
353,265782198,50.9377695,11.584845,3,,
354,265782204,50.9403288,11.5857428,4,,
355,265782443,50.9394871,11.5877654,3,,
356,265782445,50.9388501,11.5876688,3,,
357,265782511,50.9360299,11.5844071,1,,
358,265784298,50.9336721,11.5699698,3,,
359,266039711,50.9414264,11.5997672,4,,
360,266142736,50.9060407,11.6142266,3,,
361,266142739,50.9067657,11.6145833,1,,
362,266386570,50.9592509,11.5177712,3,,
363,266556025,50.9036933,11.5788264,3,,
364,266560440,50.8968294,11.5916913,3,,
365,266560443,50.8979718,11.590884,2,,
366,266562031,50.895906,11.5930115,3,,
367,266562041,50.8965515,11.5950813,3,,
368,266562043,50.8967584,11.5947329,3,,
369,266562053,50.8961453,11.5935981,3,,
370,266632015,50.9162112,11.5765953,3,,
371,266632020,50.9155221,11.5759618,1,,
372,266685721,50.9162572,11.5777608,3,,
373,266685731,50.9171358,11.5770645,1,,
374,266685732,50.914929,11.5761693,3,,
375,266685740,50.914287,11.575877,3,,
376,266689694,50.9100613,11.5742189,3,,
377,266698752,50.913366,11.5676423,3,,
378,266698771,50.9143736,11.5686538,1,,
379,266787924,50.9351425,11.5706876,3,,
380,266788033,50.9356736,11.5705091,1,,
381,266788136,50.9352709,11.5735965,3,,
382,266789909,50.9254806,11.5595524,1,,
383,266846464,50.9318521,11.5702712,3,,
384,266846465,50.9322814,11.5685609,4,,
385,266846579,50.9273991,11.5739692,3,,
386,266846585,50.9281367,11.572103,2,,
387,266847359,50.9273594,11.5745873,3,,
388,266848288,50.9286298,11.5693699,4,,
389,266848290,50.9281467,11.5692116,3,,
390,266848291,50.9273535,11.5695239,1,,
391,266849081,50.9286716,11.5716694,3,,
392,266850291,50.9288158,11.5705862,3,,
393,266861643,50.9308199,11.5706096,3,,
394,266861739,50.9312417,11.5675347,3,,
395,266861740,50.9305981,11.568996,4,,
396,266861741,50.930168,11.5700521,3,,
397,266861743,50.9299146,11.5707132,4,,
398,266861751,50.9300592,11.5724196,3,,
399,266862236,50.9312282,11.5695927,4,,
400,266866206,50.9318298,11.5681229,4,,
401,266866814,50.9330216,11.5636402,3,,
402,266866929,50.9322079,11.5655381,3,,
403,266868096,50.8834001,11.6195053,3,,
404,266868097,50.8822185,11.6208778,3,,
405,266868098,50.8819963,11.6208569,1,,
406,266868105,50.8820116,11.6228868,1,,
407,266868111,50.8833408,11.6171859,1,,
408,266868113,50.8849053,11.6283043,3,,
409,266868115,50.8842474,11.6281241,1,,
410,266868148,50.932483,11.5675501,3,,
411,266868150,50.9319835,11.5673093,3,,
412,266874742,50.9334704,11.5622561,3,,
413,266879303,50.9359339,11.5681986,1,,
414,266879305,50.9361394,11.5692801,3,,
415,266879311,50.9367035,11.5716571,1,,
416,266879329,50.9358487,11.5729903,3,,
417,266879330,50.9357159,11.5737978,3,,
418,266879882,50.9381299,11.5753655,3,,
419,266879887,50.9395252,11.5763395,1,,
420,266880051,50.9381193,11.5752461,3,,
421,266880131,50.9364586,11.5735888,3,,
422,266880208,50.9368156,11.5728163,1,,
423,266880211,50.937204,11.5743713,3,,
424,266881266,50.9357772,11.574215,3,,
425,266881267,50.9364806,11.5743412,1,,
426,266882862,50.9298871,11.5728316,4,,
427,266882979,50.9301272,11.5743783,3,,
428,267090218,50.8875226,11.6043811,3,,
429,267138406,50.9461014,11.6114309,3,,
430,267138407,50.9465863,11.6108408,4,,
431,267138408,50.9472992,11.6121488,3,,
432,267138409,50.9482736,11.6112004,1,,
433,267159218,50.8924779,11.6066854,3,,
434,267159358,50.8912784,11.6092147,3,,
435,267159360,50.8891057,11.6100921,3,,
436,267159371,50.8910206,11.607549,3,,
437,267159415,50.8895713,11.6131488,3,,
438,267174170,50.9504144,11.5634495,3,,
439,267216178,50.9035633,11.5976885,3,,
440,267216183,50.9058453,11.6018356,3,,
441,267216185,50.9060425,11.6042908,3,,
442,267216186,50.906102,11.60487,3,,
443,267246545,50.930102,11.6529285,3,,
444,267550063,50.89607,11.5904617,1,,
445,267550083,50.8959624,11.5959069,1,,
446,267552315,50.904079,11.5831676,3,,
447,267552317,50.9019475,11.5792132,3,,
448,267552318,50.9023365,11.5836531,3,,
449,267552320,50.9039448,11.5817202,3,,
450,267552321,50.9027861,11.5819659,3,,
451,267552323,50.9029236,11.5834361,3,,
452,267628061,50.9376834,11.6095738,3,,
453,267628072,50.944203,11.6185852,1,,
454,267628081,50.9499287,11.633478,1,,
455,267628085,50.953872,11.635814,3,,
456,267628086,50.9545603,11.6364751,3,,
457,267827149,50.9054458,11.5824649,3,,
458,267827155,50.9052377,11.5796691,3,,
459,267868803,50.8934569,11.5762756,3,,
460,267868808,50.8936755,11.5769728,3,,
461,267868855,50.8926373,11.5784622,1,turning_circle,
462,267868864,50.8920089,11.5770936,4,,
463,267868881,50.8899315,11.5819305,1,,
464,267868886,50.8906955,11.5801464,4,,
465,267868892,50.889623,11.5808762,1,,
466,267870075,50.8925259,11.5797138,3,,
467,267870079,50.8922705,11.5806474,1,turning_circle,
468,267870108,50.8922586,11.5781558,4,,
469,267870114,50.8916667,11.5807932,1,turning_circle,
470,267872082,50.8910102,11.5830954,4,,
471,267872084,50.8917444,11.5843895,3,,
472,267872092,50.8893502,11.5818349,1,,
473,267872878,50.8911412,11.5811251,3,,
474,267872883,50.8920262,11.5829917,4,,
475,267872886,50.8912538,11.5828491,3,,
476,267872890,50.8912667,11.5822266,3,,
477,267872896,50.8900987,11.58243,3,,
478,268172132,50.9031233,11.5789384,3,,
479,268172133,50.9033664,11.5818302,4,,
480,268172134,50.9034996,11.5833001,3,,
481,268172135,50.9025366,11.5790693,3,,
482,268234061,50.9448182,11.6566767,1,,
483,268234262,50.9364485,11.6171673,1,,
484,268234728,50.9332358,11.5843154,3,,
485,268234815,50.9337924,11.5887257,4,,
486,268298003,50.9360146,11.5888398,4,traffic_signals,
487,268298810,50.9382903,11.588062,4,,
488,268298817,50.9351953,11.586472,3,,
489,268299370,50.9360412,11.5878165,3,,
490,268299371,50.9361002,11.5866529,4,,
491,268313887,50.9050448,11.5732734,3,,
492,268313900,50.904875,11.5718597,3,,
493,268313924,50.9055505,11.5663372,3,,
494,268313940,50.9027694,11.5769396,3,,
495,268313943,50.9055391,11.5673173,3,,
496,268319512,50.8960669,11.5954314,3,,
497,268420216,50.9326172,11.6609106,1,,
498,268420224,50.9300982,11.6559396,3,,
499,268420228,50.9289426,11.652433,3,,
500,268420230,50.9267051,11.6512482,3,,
501,268592971,50.9488519,11.610477,1,turning_circle,
502,268731555,50.9114728,11.5874453,3,,
503,268731569,50.9036828,11.5969489,3,,
504,268731580,50.8948483,11.6053269,3,,
505,268731589,50.8930477,11.6073972,3,,
506,268731592,50.8923982,11.6090859,3,,
507,268731594,50.8911939,11.6161094,1,,
508,268732072,50.9326332,11.5983183,4,,
509,268732073,50.933383,11.6012525,3,,
510,268753530,50.9273186,11.5963677,3,,
511,268754106,50.931643,11.6016635,3,,
512,268754234,50.9294268,11.5980336,4,,
513,268754241,50.928953,11.5993434,4,,
514,268754246,50.9291428,11.5998606,3,,
515,268754484,50.9358672,11.5916325,3,,
516,268754673,50.9392831,11.5898497,3,,
517,268769746,50.9322413,11.5999359,3,,
518,268770005,50.9319641,11.5990985,2,,
519,268770008,50.9310916,11.5990009,3,,
520,268770011,50.9310126,11.5993684,3,,
521,268770060,50.9314325,11.59756,3,,
522,268770129,50.9290675,11.5975493,3,,
523,268789522,50.9042646,11.5742627,3,,
524,268789523,50.9038905,11.5767326,3,,
525,268835878,50.9590739,11.6143513,4,,
526,268835879,50.9583225,11.6154842,3,,
527,268919371,50.88161,11.6231777,3,,
528,268919418,50.8850344,11.6290673,1,,
529,268919557,50.8858266,11.6283834,3,,
530,268919558,50.8857602,11.6286681,3,,
531,268921621,50.9194742,11.5902819,1,,
532,268921711,50.9194713,11.5908545,3,,
533,269213685,50.9242668,11.5939582,3,,
534,269213686,50.9247551,11.5942906,4,,
535,269213693,50.9246309,11.5961547,1,,
536,269213694,50.9255609,11.5952975,1,,
537,269213700,50.8993932,11.5898356,3,,
538,269213712,50.8990209,11.5901085,1,,
539,269479642,50.9359456,11.5821359,1,,
540,269479647,50.9377489,11.5829161,3,,
541,269479656,50.9406049,11.5840337,3,,
542,269479672,50.9405478,11.5847965,3,,
543,269479675,50.9393024,11.5849145,3,,
544,269479678,50.9374785,11.5836626,3,,
545,269479680,50.9370693,11.584853,3,,
546,269479686,50.93907,11.5865218,3,,
547,269479689,50.9397581,11.5860352,3,,
548,269479690,50.93886,11.5855521,3,,
549,269483116,50.9336807,11.5845843,3,,
550,269514990,50.9453906,11.5848416,1,,
551,269514998,50.9413479,11.5859175,3,,
552,269515006,50.9429852,11.5868401,3,,
553,269515009,50.9394625,11.5872157,1,,
554,269515012,50.9393227,11.5879497,3,,
555,269515017,50.9400358,11.5872542,3,,
556,269515528,50.8817345,11.6085759,3,,
557,269515529,50.8830114,11.6071006,4,,
558,269523338,50.9337864,11.5857733,1,,
559,269658985,50.9337447,11.5865356,3,,
560,269659631,50.9356948,11.5889459,1,,
561,269904501,50.9404046,11.5944306,3,,
562,269905059,50.929923,11.5992998,3,,
563,269905899,50.9315763,11.6039365,3,,
564,269917602,50.9297485,11.5982944,4,,
565,269972040,50.9078191,11.5525901,1,,
566,269973062,50.9074531,11.5780882,3,,
567,269975504,50.9088001,11.5746128,3,,
568,270394945,50.9296682,11.587141,3,,
569,270394946,50.9297272,11.5871493,3,,
570,270395654,50.943128,11.595497,3,,
571,270395655,50.9424551,11.5964815,3,,
572,270395840,50.9445175,11.5978823,3,,
573,270395842,50.9409595,11.5925792,4,,
574,270395848,50.9379777,11.5887255,4,traffic_signals,
575,270396012,50.9388602,11.5908291,3,,
576,270396025,50.9402826,11.5907909,3,,
577,270396026,50.939972,11.5918528,3,,
578,270430310,50.9294175,11.586217,3,,
579,270600264,50.9438306,11.5940932,3,,
580,270600729,50.944032,11.5932988,3,,
581,270600732,50.9432885,11.5921179,3,,
582,270600980,50.9449683,11.5937828,3,,
583,270601237,50.9517529,11.601487,3,,
584,270601392,50.9541009,11.6073072,3,,
585,270601394,50.9547658,11.6083379,3,,
586,270601759,50.956051,11.6048495,3,,
587,270601787,50.9487025,11.5960052,3,,
588,270601869,50.9464745,11.5981068,3,,
589,270601872,50.9477771,11.5959165,3,,
590,270602094,50.9446029,11.5911134,3,,
591,270602115,50.9477934,11.5949833,3,,
592,270602116,50.9480283,11.5940218,3,,
593,270602517,50.9468695,11.5976396,3,,
594,270602521,50.9484945,11.5991103,1,,
595,270602544,50.9443903,11.5939949,3,,
596,270602549,50.9474693,11.596891,4,,
597,270603051,50.9503147,11.6008937,3,,
598,270603054,50.9499675,11.60127,3,,
599,270603072,50.9477613,11.6045331,4,,
600,270603073,50.9469921,11.6056783,3,,
601,270603372,50.9461652,11.5996177,3,,
602,270603633,50.9457401,11.6004585,1,,
603,270603635,50.945468,11.6009855,3,,
604,270603901,50.9512418,11.6018359,3,,
605,270604620,50.8868081,11.6344211,1,,
606,270604631,50.8878289,11.6314682,3,,
607,270605931,50.9376817,11.5907177,1,,
608,270606692,50.9426778,11.5961735,3,,
609,270607162,50.9376531,11.5908533,3,,
610,270607260,50.932871,11.6094472,4,,
611,270607304,50.9332823,11.6070858,3,,
612,270607362,50.9311782,11.6164956,3,,
613,270607397,50.9305239,11.6173405,3,,
614,270607498,50.9304568,11.6068056,3,,
615,270607558,50.9309709,11.6117808,3,,
616,270607682,50.9281653,11.6173662,1,,
617,270607799,50.929845,11.6208902,3,,
618,270607804,50.9328486,11.620382,3,,
619,270607805,50.9328516,11.6203496,3,,
620,270607977,50.9313877,11.615103,3,,
621,270607994,50.9312963,11.6196027,3,,
622,270607995,50.9314285,11.6202751,3,,
623,270607996,50.9314787,11.6203635,3,,
624,270608315,50.9312854,11.6194453,3,,
625,270608317,50.9321793,11.6193978,3,,
626,270608323,50.9327924,11.6188965,3,,
627,270608444,50.9319335,11.6194076,3,,
628,270608449,50.9318418,11.6163706,1,,
629,270608621,50.9321282,11.6152272,3,,
630,270608655,50.9318446,11.6170759,3,,
631,270608656,50.9321836,11.6169821,3,,
632,270608785,50.9296719,11.6234846,3,,
633,270608787,50.9304185,11.6207415,3,,
634,270608793,50.9297179,11.6226186,3,,
635,270608803,50.9298034,11.6209257,3,,
636,270608805,50.9304585,11.6258734,3,,
637,270608901,50.9296996,11.6269905,3,,
638,270608907,50.9281837,11.6243025,1,turning_circle,
639,270608932,50.9276438,11.6254165,3,,
640,270608941,50.9287483,11.6252743,3,,
641,270608958,50.9276184,11.6267711,1,turning_circle,
642,270609449,50.9056026,11.5980054,1,,
643,270609660,50.9118386,11.5900703,4,,
644,270609816,50.9168333,11.5955346,3,,
645,270632138,50.9443525,11.5923382,4,,
646,270804266,50.9299774,11.6506509,3,,
647,270804275,50.9259385,11.6501041,3,,
648,270806048,50.9253263,11.6033214,3,,
649,270806049,50.9253531,11.6024041,4,,
650,270839464,50.9310723,11.6142452,3,,
651,270839515,50.9322004,11.6136376,3,,
652,270839520,50.9316002,11.6142807,3,,
653,270839523,50.9318202,11.6123787,3,,
654,270891288,50.9317253,11.6050753,3,,
655,271021680,50.9061463,11.5895258,3,,
656,271021681,50.9068638,11.5906925,3,,
657,271022539,50.9299516,11.5852866,4,,
658,271025535,50.9319123,11.6108569,3,,
659,271026159,50.9334051,11.6064841,3,,
660,271031743,50.9319836,11.6204467,3,,
661,271031744,50.9318733,11.6225936,1,,
662,271068597,50.9260352,11.6045567,3,,
663,271068633,50.9329004,11.6166532,3,,
664,271068634,50.9330819,11.6163469,3,,
665,271071117,50.9326084,11.6068631,4,,
666,271071118,50.9326992,11.6059136,4,,
667,271071120,50.9319119,11.6067068,3,,
668,271071122,50.9327227,11.6078583,4,,
669,271071123,50.9333245,11.6077617,4,,
670,271071124,50.9322586,11.605567,4,,
671,271071125,50.9321304,11.6067238,3,,
672,271071739,50.9264069,11.6035499,3,,
673,271071740,50.9265387,11.6028343,3,,
674,271071750,50.9253662,11.6014764,3,,
675,271120829,50.9033229,11.576848,4,,
676,271156758,50.932698,11.6168133,1,,
677,271246227,50.9025093,11.5978487,4,,
678,271246228,50.9027894,11.5982619,3,,
679,271246285,50.9066246,11.5901274,3,,
680,271246580,50.9236612,11.5937412,3,,
681,271246683,50.9236454,11.5948931,3,,
682,271246735,50.9276274,11.5970886,3,,
683,271247520,50.9402675,11.6000971,3,,
684,271247522,50.9396159,11.5982071,3,,
685,271321916,50.9286304,11.6151358,1,,
686,271322370,50.9059426,11.5913106,3,,
687,271327522,50.9613466,11.6145911,1,,
688,271328961,50.9594698,11.613456,3,,
689,271328996,50.9515415,11.6129175,3,,
690,271333500,50.9515109,11.6065691,3,,
691,271333512,50.9522058,11.6115862,3,,
692,271333513,50.953981,11.6139736,3,,
693,271333519,50.9541818,11.6135092,3,,
694,271333521,50.9569763,11.6149689,3,,
695,271333522,50.9571153,11.6144269,3,,
696,271333534,50.9568186,11.6155835,3,,
697,271333537,50.9560102,11.6150674,1,,
698,271333539,50.9569258,11.6151655,3,,
699,271333540,50.9572466,11.6153898,3,,
700,271333541,50.9565665,11.6165663,3,,
701,271333543,50.957196,11.6141125,1,,
702,271333551,50.9567809,11.6167046,3,,
703,271333552,50.967128,11.6256525,3,,
704,271333555,50.9675257,11.6259945,1,turning_circle,
705,271333573,50.966262,11.6226546,3,,
706,271333578,50.9647724,11.6218479,3,,
707,271333586,50.962671,11.6222401,4,,
708,271333618,50.9625717,11.6202993,1,turning_circle,
709,271333620,50.9595551,11.6145744,3,,
710,271333621,50.9610906,11.6119522,1,,
711,271333649,50.9605137,11.6113654,4,,
712,271333652,50.9607238,11.6107774,3,,
713,271333668,50.9591794,11.6129549,3,,
714,271333675,50.9612851,11.609828,3,,
715,271333797,50.9536496,11.6147862,4,,
716,271414621,50.9490896,11.6083935,3,,
717,271414622,50.9495193,11.6075332,3,,
718,271414624,50.9500179,11.6065579,3,,
719,271414662,50.9502781,11.6068952,1,,
720,271416424,50.9517861,11.605176,3,,
721,271416506,50.9517543,11.6066892,4,,
722,271416508,50.9522274,11.6073307,1,turning_circle,
723,271416552,50.9518246,11.6062944,1,,
724,271420012,50.9531176,11.6107802,3,,
725,271420264,50.956734,11.6086048,4,,
726,271420430,50.9573702,11.6092335,3,,
727,271420759,50.9586736,11.6072656,3,,
728,271422641,50.9599698,11.6089214,3,,
729,271422734,50.9591452,11.6119694,1,,
730,271422737,50.9592228,11.6125637,3,,
731,271424610,50.9588977,11.6107804,1,,
732,271424974,50.9586175,11.6125731,1,,
733,271425410,50.960598,11.6192242,4,,
734,271425451,50.9610806,11.6198916,1,,
735,271425869,50.9615523,11.6213375,1,turning_circle,
736,271426764,50.9624746,11.6227453,4,,
737,271427190,50.9640195,11.6220602,3,,
738,271427554,50.9619023,11.6203207,1,turning_circle,
739,271427632,50.9642106,11.6233935,1,turning_circle,
740,271427714,50.9644807,11.6210207,3,,
741,271427715,50.9643674,11.6209988,1,turning_circle,
742,271427739,50.9644188,11.6213822,3,,
743,271427741,50.9641782,11.6212649,1,,
744,271427756,50.9645784,11.6214605,1,,
745,271428117,50.9653161,11.6219635,3,,
746,271428218,50.9654755,11.6208357,1,turning_circle,
747,271428269,50.965735,11.6221823,3,,
748,271428292,50.9661471,11.621214,1,turning_circle,
749,271428531,50.9668301,11.6219534,1,turning_circle,
750,271428544,50.9667288,11.6241544,4,,
751,271428667,50.9652377,11.6229815,1,turning_circle,
752,271429411,50.9674427,11.6243258,3,,
753,271429869,50.9649931,11.6240986,1,turning_circle,
754,271431530,50.9606982,11.6205632,3,,
755,271432604,50.9600274,11.6223247,3,,
756,271432605,50.9600724,11.6225349,3,,
757,271432607,50.9598927,11.6224025,3,,
758,271432895,50.9596534,11.6221575,3,,
759,271432896,50.9591355,11.6216952,3,,
760,271432897,50.9585344,11.6211663,3,,
761,271434045,50.9612644,11.6236939,4,,
762,271434093,50.9603216,11.6227636,3,,
763,271434339,50.9612543,11.6218944,3,,
764,271434425,50.9609822,11.6226008,1,turning_circle,
765,271439934,50.9530888,11.614459,3,,
766,271439939,50.9528708,11.6151208,1,,
767,271440096,50.9509704,11.6144502,3,,
768,271441553,50.9518702,11.6138896,3,,
769,271441557,50.9517029,11.6148393,3,,
770,271441569,50.9520329,11.6136952,3,,
771,271442129,50.9517746,11.6148603,3,,
772,271442130,50.9520266,11.6152394,4,,
773,271442266,50.9522085,11.6139716,3,,
774,271442376,50.9521173,11.6144487,2,,
775,271442377,50.9521313,11.61457,3,,
776,271442380,50.9520841,11.6149649,3,,
777,271442908,50.9523579,11.6151459,3,,
778,271442911,50.9526631,11.6154834,1,,
779,271443151,50.9519543,11.6154112,3,,
780,271443157,50.9516299,11.6159691,3,,
781,271443159,50.9515456,11.616208,3,,
782,271443162,50.9511825,11.6165309,1,,
783,271443272,50.9510116,11.6155981,1,,
784,271443430,50.9520578,11.6162909,3,,
785,271443433,50.9522158,11.6164057,3,,
786,271443435,50.9522386,11.6166893,1,,
787,271443448,50.9525486,11.6162893,1,,
788,271445077,50.9565354,11.640794,1,,
789,271445521,50.9562185,11.6351553,3,,
790,271446296,50.9544745,11.6346826,1,,
791,271446605,50.9541116,11.6350818,1,,
792,271446771,50.9540112,11.6357599,3,,
793,271446772,50.9541056,11.6360267,3,,
794,271446887,50.9540546,11.635428,3,,
795,271447265,50.9533502,11.6349135,1,,
796,271447274,50.9543981,11.6362943,3,,
797,271447383,50.9546234,11.6353483,1,,
798,271447471,50.9550183,11.6364182,3,,
799,271447475,50.955605,11.636008,1,,
800,271447685,50.9555499,11.6377014,3,,
801,271447856,50.9553505,11.6361781,4,,
802,271448458,50.9528933,11.6354075,3,,
803,271448571,50.9523616,11.6340405,1,,
804,271448575,50.9508705,11.6341889,3,,
805,271449005,50.9501015,11.6336521,3,,
806,271449198,50.9526465,11.6354441,3,,
807,271449215,50.9525729,11.6357204,3,,
808,271449219,50.9512549,11.6349824,1,,
809,271449414,50.9516865,11.6397594,3,,
810,271450064,50.9541917,11.6361226,4,,
811,271450347,50.9538825,11.6377529,3,,
812,271450366,50.9533098,11.6369916,3,,
813,271450371,50.9540757,11.6380082,3,,
814,271450386,50.9545,11.6364049,3,,
815,271450662,50.9524536,11.640615,3,,
816,271451387,50.9528249,11.6370062,3,,
817,271452811,50.9537861,11.6421012,3,,
818,271452815,50.9524272,11.6405855,3,,
819,271452816,50.9521017,11.6402224,3,,
820,271452817,50.9518499,11.6399416,3,,
821,271453549,50.953013,11.6385765,3,,
822,271453552,50.9535597,11.6372712,3,,
823,271453648,50.9529925,11.6381907,1,,
824,271455854,50.9542576,11.6408522,3,,
825,271455968,50.9543886,11.6414857,3,,
826,271455975,50.9554673,11.6395793,1,,
827,271456308,50.9545673,11.6420083,1,,
828,271632577,50.9450926,11.5903841,3,,
829,271671096,50.9072717,11.574247,3,,
830,271671098,50.9069626,11.5764577,2,,
831,271671101,50.9068006,11.5743186,3,,
832,271671116,50.9046817,11.5769907,3,,
833,271671123,50.9052474,11.5768598,3,,
834,271671126,50.9050752,11.5745075,3,,
835,271959925,50.8690982,11.597904,3,,
836,272260412,50.8931801,11.6058978,3,,
837,272260418,50.8940791,11.6074716,3,,
838,272260443,50.9506167,11.5994023,1,turning_circle,
839,273967439,50.8925398,11.6075502,3,,
840,273967657,50.8908167,11.6110569,3,,
841,273967669,50.8919678,11.6116721,4,,
842,273972566,50.8883278,11.6149344,3,,
843,274601107,50.8858944,11.6166154,2,,
844,274601178,50.880156,11.6271434,3,,
845,275035450,50.9237073,11.5964203,1,,
846,275035466,50.921624,11.5931814,3,,
847,275035469,50.9222171,11.5932587,3,,
848,275035479,50.9230233,11.5942462,3,,
849,275035480,50.9232452,11.5942153,3,,
850,275035481,50.9212133,11.5932868,3,,
851,275035483,50.922097,11.5927779,1,,
852,275035485,50.9208392,11.5958534,3,,
853,275035488,50.9211743,11.5961388,3,,
854,275035489,50.9213911,11.5961438,3,,
855,275035492,50.9219464,11.596111,4,,
856,275035493,50.922098,11.5961561,4,,
857,275035497,50.9227585,11.5969596,3,,
858,275035504,50.9232569,11.5979504,3,,
859,275035517,50.9202594,11.596578,3,,
860,275035520,50.9196815,11.5981637,1,,
861,275035533,50.9209691,11.5970306,3,,
862,275035539,50.920616,11.5977053,1,,
863,275035548,50.9228609,11.5959907,3,,
864,275035574,50.9219787,11.5958909,3,,
865,275035577,50.9217906,11.5973325,4,,
866,275035591,50.9212669,11.5971234,3,,
867,275035607,50.9208997,11.5995726,4,,
868,275035633,50.9215676,11.6010564,3,,
869,275035641,50.9203024,11.6054621,2,,
870,275035676,50.9199287,11.6019759,3,,
871,275035682,50.9194992,11.6026391,1,,
872,275035697,50.9186546,11.6056436,3,,
873,275035699,50.9174652,11.6060654,1,,
874,275035717,50.9198921,11.6056748,3,,
875,275035782,50.9193297,11.5949559,1,,
876,275035850,50.9236227,11.6003921,3,,
877,275035853,50.9237479,11.5996816,1,,
878,275035867,50.9228125,11.6020834,3,,
879,275035870,50.9234056,11.600949,2,,
880,275035872,50.923444,11.6008799,3,,
881,275035891,50.9232714,11.6002195,3,,
882,275035903,50.9266324,11.5893109,3,,
883,275035906,50.9269242,11.5881828,3,,
884,275540090,50.9449266,11.5893844,1,,
885,275718676,50.9265755,11.5693888,3,,
886,275718683,50.92604,11.5699072,3,,
887,275718691,50.9254069,11.571655,1,,
888,275718702,50.92565,11.5740225,3,,
889,275718715,50.9257159,11.5761273,3,,
890,275718720,50.9239251,11.5697353,3,,
891,275718725,50.9242865,11.5707248,4,,
892,275719226,50.9243403,11.5725243,3,,
893,275719245,50.9249085,11.5707342,3,,
894,275719251,50.924859,11.5712752,3,,
895,275719296,50.923603,11.5707871,3,,
896,275719305,50.9242814,11.5743583,4,,
897,275719310,50.9249706,11.5741483,3,,
898,276146873,50.9254932,11.5723295,1,,
899,276147187,50.9262538,11.580026,3,,
900,276147192,50.9263302,11.5782171,3,,
901,277587654,50.9371578,11.5923833,3,,
902,277588912,50.9459651,11.6562293,3,,
903,277588941,50.9455526,11.6558917,3,,
904,277588943,50.9450761,11.6556784,3,,
905,277636568,50.9564953,11.6047526,3,,
906,277636569,50.9557577,11.6049352,3,,
907,277729235,50.9341598,11.62612,3,,
908,277729237,50.9350598,11.6264123,3,,
909,277729484,50.9350352,11.6241482,1,,
910,277729531,50.935583,11.6251318,1,,
911,277729532,50.9350571,11.6251515,4,,
912,278461451,50.9227526,11.6022124,3,,
913,278461453,50.9234312,11.6019755,3,,
914,278894473,50.8843248,11.5964693,3,,
915,279255761,50.9197832,11.6237282,3,,
916,279255764,50.9195552,11.6257014,3,,
917,279255766,50.9191987,11.6267521,3,,
918,279255969,50.9306536,11.5922118,1,,
919,279342397,50.9303093,11.5749451,3,,
920,279342521,50.9302751,11.5750028,3,,
921,279585629,50.9502482,11.5563395,1,,
922,279585632,50.9498291,11.5555707,3,,
923,279588133,50.9250828,11.5246529,3,,
924,279597958,50.9308666,11.6597008,4,,
925,279599098,50.9314677,11.6595701,2,,
926,279599126,50.9292498,11.6603473,3,,
927,279617119,50.9477247,11.6096934,1,,
928,279617120,50.947142,11.6101015,3,,
929,279921903,50.9202643,11.6251178,3,,
930,279921909,50.9208233,11.6247796,3,,
931,279921910,50.9210945,11.6249059,1,,
932,279921917,50.9201117,11.6243169,3,,
933,279921949,50.9209207,11.623121,1,,
934,279922116,50.9292589,11.6033322,1,,
935,279922119,50.9291052,11.6020907,1,,
936,279922127,50.9247002,11.5964853,3,,
937,279922167,50.9272954,11.5992609,1,turning_circle,
938,279922171,50.9284162,11.6002637,3,,
939,279922174,50.9281788,11.6007071,1,,
940,279922181,50.9272456,11.5977716,4,,
941,279922198,50.9249443,11.586435,3,,
942,279922288,50.9188406,11.6071196,1,,
943,279922322,50.9203284,11.6104287,1,,
944,279922518,50.8913888,11.6113774,3,,
945,279922519,50.8912428,11.6124742,1,,
946,280141607,50.9539624,11.5603542,3,,
947,280144186,50.9533536,11.5592775,3,,
948,280709863,50.9044844,11.5943755,3,,
949,280709872,50.9127541,11.5929915,1,,
950,280938154,50.9254652,11.6069425,1,,
951,280938156,50.9250526,11.6060467,3,,
952,281036317,50.9225916,11.6018411,2,,
953,281687186,50.9189838,11.5468757,1,,
954,281710527,50.8929284,11.6120854,4,,
955,281710533,50.8943788,11.6104717,3,,
956,281710534,50.8922645,11.6097,4,,
957,281710535,50.8919486,11.6091903,4,,
958,281710538,50.8939787,11.609204,1,,
959,281869258,50.9510025,11.5973751,3,,
960,281869259,50.9517547,11.5952406,1,,
961,281870696,50.8912235,11.6092351,3,,
962,281870876,50.8918535,11.6069297,3,,
963,281870878,50.8918007,11.6060152,3,,
964,282229819,50.9291946,11.6527091,3,,
965,282417177,50.9261682,11.6518038,3,,
966,282666493,50.8784433,11.6215116,3,,
967,285889251,50.9070484,11.5699024,1,turning_circle,
968,285889324,50.9070834,11.5717456,3,,
969,285889369,50.9080746,11.575671,3,,
970,285890855,50.9062623,11.574356,3,,
971,285890856,50.9062338,11.5729711,3,,
972,285890997,50.9058986,11.571759,3,,
973,285890998,50.9059401,11.5727736,3,,
974,285890999,50.9059262,11.5729215,3,,
975,285891164,50.9057238,11.569773,3,,
976,285891165,50.9051214,11.5699158,4,,
977,285891167,50.9043256,11.5681621,3,,
978,285891168,50.9053673,11.5682987,3,,
979,285891526,50.9062853,11.5717403,3,,
980,285891700,50.9057773,11.5711666,1,,
981,285893051,50.906449,11.604217,3,,
982,285893523,50.8822847,11.6055092,3,,
983,286742225,50.9313552,11.6580516,3,,
984,286742226,50.9309329,11.6563764,3,,
985,286742228,50.9311482,11.6551679,3,,
986,286742229,50.930177,11.6569013,3,,
987,286745316,50.9288399,11.6571349,3,,
988,287129468,50.8682119,11.6033717,2,,
989,287240789,50.9024294,11.5977307,3,,
990,287519399,50.9383409,11.5881299,3,,
991,287519415,50.9380431,11.5885642,3,,
992,287591901,50.934172,11.5909007,3,,
993,287607051,50.8904635,11.6339638,1,,
994,287799396,50.9209514,11.6100688,3,,
995,287799401,50.9213668,11.6122086,1,,
996,288502982,50.888371,11.6295453,3,,
997,288502984,50.8886955,11.6297246,3,,
998,288502986,50.8889703,11.6304066,3,,
999,288502990,50.8892539,11.6310727,3,,
1000,288503003,50.8894059,11.6299877,3,,
1001,288503004,50.8892257,11.6292904,3,,
1002,288503005,50.8897478,11.6288627,1,turning_circle,
1003,288503041,50.8883448,11.6287839,3,,
1004,288503042,50.8894504,11.6277431,3,,
1005,288503046,50.8884773,11.626511,3,,
1006,288503081,50.8898409,11.6277803,1,,
1007,288503083,50.8885447,11.6250205,1,turning_circle,
1008,288506621,50.8861475,11.6342211,1,turning_circle,
1009,288666229,50.8891371,11.615558,1,,
1010,288735935,50.9285872,11.5925741,4,,
1011,288735989,50.9270351,11.5928719,3,,
1012,288736295,50.9267002,11.5923557,3,,
1013,288813075,50.9353835,11.5829022,1,,
1014,289005792,50.8728675,11.5898901,1,,
1015,290107625,50.9205961,11.5712673,3,,
1016,290107628,50.9196013,11.5697436,4,,
1017,290107639,50.9154357,11.5720673,3,,
1018,290107708,50.9163474,11.5680358,3,,
1019,290969678,50.9512426,11.6392643,3,,
1020,291499661,50.9302389,11.5832348,3,,
1021,291499677,50.9317567,11.583873,3,,
1022,291555230,50.9297863,11.5762572,3,,
1023,291729303,50.9529268,11.6106961,3,,
1024,292104893,50.9259118,11.5904647,4,,
1025,292104897,50.925452,11.5888562,3,,
1026,292255462,50.9324771,11.5759583,1,,
1027,292255463,50.9335288,11.5687317,3,,
1028,292255467,50.9336588,11.5674451,1,,
1029,293686235,50.903176,11.5725811,3,,
1030,293686241,50.9034258,11.5713884,3,,
1031,293686247,50.9034941,11.5711866,3,,
1032,293686250,50.9040315,11.5728465,1,turning_circle,
1033,293686266,50.90394,11.5703424,3,,
1034,293692213,50.9021335,11.5720954,1,,
1035,295393593,50.8997123,11.5721131,3,,
1036,295402302,50.9077977,11.5759418,3,,
1037,295402317,50.9091909,11.574514,3,,
1038,295402536,50.9250046,11.586047,3,,
1039,295402545,50.9259025,11.5857046,1,,
1040,295404341,50.923203,11.580554,3,,
1041,295922662,50.9300046,11.5903307,3,,
1042,295922669,50.9301741,11.5902725,2,,
1043,295927777,50.9138897,11.576948,1,,
1044,295927829,50.892153,11.58628,1,,
1045,295927871,50.891545,11.586081,1,,
1046,295929224,50.8878545,11.587067,3,,
1047,295929231,50.8885361,11.5902064,3,,
1048,295929250,50.8906449,11.5835014,3,,
1049,295929254,50.8908091,11.5838994,1,,
1050,296158003,50.8990555,11.5501811,3,,
1051,296158005,50.9019161,11.5515941,3,,
1052,296158033,50.9024667,11.5531459,1,,
1053,296158043,50.9035394,11.5547028,3,,
1054,296181358,50.9029403,11.5522192,3,,
1055,296181362,50.904275,11.5536744,3,,
1056,296193896,50.9049519,11.5577127,3,,
1057,296193940,50.9057019,11.5544093,1,,
1058,296193946,50.9054391,11.5546777,3,,
1059,296193955,50.9050746,11.5545267,3,,
1060,296193962,50.9045011,11.5559536,3,,
1061,296193988,50.9056933,11.561267,3,,
1062,296193996,50.906712,11.56064,3,,
1063,296193999,50.906295,11.559314,1,,
1064,296194012,50.9050535,11.5599401,3,,
1065,296194014,50.906148,11.5609667,3,,
1066,296201030,50.9074948,11.5666151,3,,
1067,296201033,50.9078605,11.5665561,3,,
1068,296201036,50.9081657,11.5664955,3,,
1069,296201047,50.9076651,11.5641874,3,,
1070,296201050,50.9073649,11.5643884,3,,
1071,296201168,50.9090869,11.5708459,3,,
1072,296201170,50.9099347,11.5697024,3,,
1073,296201178,50.910145,11.567555,1,,
1074,296201204,50.909173,11.5679023,3,,
1075,297737468,50.8838096,11.6061425,1,turning_circle,
1076,298147405,50.8823258,11.6125138,1,turning_circle,
1077,299794449,50.9455027,11.6087647,3,,
1078,299794623,50.9434807,11.606743,3,,
1079,299794701,50.9447189,11.6073799,3,,
1080,299795476,50.9461683,11.6185527,1,,
1081,299798287,50.9551591,11.6351995,1,,
1082,299800010,50.9369086,11.523308,3,,
1083,300063175,50.868372,11.5848385,3,,
1084,300913324,50.9507793,11.5586937,5,,
1085,300913325,50.9515909,11.5576447,3,,
1086,300913348,50.9522989,11.5605903,3,,
1087,300914249,50.9489181,11.5596035,3,,
1088,300914251,50.9488021,11.559428,3,,
1089,300914253,50.9489656,11.5579835,3,give_way,
1090,300914591,50.9512599,11.5592012,3,,
1091,300914698,50.9497511,11.5606677,3,,
1092,300914935,50.9507959,11.5623669,3,,
1093,300915174,50.9485227,11.561932,3,,
1094,300915176,50.9489814,11.5605957,3,,
1095,300915278,50.9481734,11.5627899,3,,
1096,300915475,50.9484395,11.5586917,3,,
1097,300915479,50.9478085,11.5573489,1,,
1098,300915905,50.9478188,11.5587385,1,,
1099,301349644,50.894115,11.6078963,3,,
1100,301349765,50.896294,11.6094963,1,,
1101,301349766,50.8957091,11.6095124,3,,
1102,301349823,50.8961179,11.6080897,1,,
1103,301349825,50.8950807,11.609168,3,,
1104,301349869,50.8962191,11.6083397,1,,
1105,301349870,50.8954046,11.6093742,3,,
1106,301349965,50.8963441,11.6086007,1,,
1107,301351162,50.8929555,11.6132527,3,,
1108,301351249,50.8928093,11.6138364,1,,
1109,301351250,50.8930731,11.6127095,3,,
1110,301351438,50.892918,11.6134023,3,,
1111,301351495,50.8925357,11.6105337,3,,
1112,301351499,50.8927558,11.6114035,3,,
1113,301351597,50.8941186,11.6081695,3,,
1114,301351603,50.8931815,11.6088889,3,,
1115,301351606,50.8932363,11.6080924,3,,
1116,301351726,50.8939428,11.6069975,3,,
1117,301351758,50.8922791,11.6062614,1,,
1118,301351823,50.8925108,11.6065808,1,,
1119,301352056,50.8958174,11.6061388,2,,
1120,301352060,50.896136,11.6047312,3,,
1121,301375122,50.8949687,11.6029246,3,,
1122,301375124,50.8956999,11.6053629,3,,
1123,301388235,50.8881826,11.6280222,3,,
1124,301388236,50.8889133,11.6274393,1,,
1125,301508629,50.9588973,11.522682,3,,
1126,301508630,50.9598762,11.5228133,3,,
1127,301508631,50.9599191,11.522984,3,,
1128,301508632,50.9604964,11.5232766,4,,
1129,301787338,50.877774,11.586969,3,,
1130,301787353,50.8773992,11.5873332,3,,
1131,301787356,50.8773458,11.5859574,1,,
1132,301791302,50.8789198,11.5927488,3,,
1133,301961537,50.9287642,11.5888346,1,,
1134,301969479,50.930252,11.5936904,1,,
1135,302211683,50.915271,11.5676266,3,,
1136,302254187,50.9269079,11.576881,1,,
1137,302255363,50.9251986,11.5694066,3,,
1138,302255613,50.9254893,11.569484,3,,
1139,302263821,50.9288454,11.5912169,1,,
1140,302264851,50.9275098,11.5919417,3,,
1141,302268563,50.9269971,11.5920842,3,,
1142,302903064,50.933774,11.6111989,3,,
1143,302913768,50.9313759,11.6070171,3,,
1144,302913781,50.9317346,11.6060236,3,,
1145,302915714,50.9287878,11.6097,1,,
1146,302915723,50.9302773,11.6047957,1,,
1147,302918363,50.9285334,11.6003062,1,,
1148,302918369,50.9257363,11.5956003,2,,
1149,302921240,50.9264126,11.5961543,1,,
1150,302923943,50.9276031,11.5983792,3,,
1151,302923959,50.9279696,11.5975539,3,,
1152,302932858,50.9354056,11.5982511,3,,
1153,302932859,50.9337746,11.6011834,3,,
1154,302932863,50.9343361,11.6011877,3,,
1155,302932869,50.9342499,11.6022702,4,,
1156,302932871,50.9346959,11.6024008,3,,
1157,302932874,50.9351512,11.6022912,1,,
1158,302932879,50.9348413,11.6013264,1,turning_circle,
1159,302936484,50.930905,11.6001308,3,,
1160,303139612,50.8663807,11.5976136,3,,
1161,303139902,50.866664,11.5878991,3,,
1162,303140639,50.8614174,11.5954541,1,,
1163,303140805,50.8616101,11.5937047,3,,
1164,304330666,50.9287255,11.6508088,3,,
1165,304330676,50.9283934,11.6518188,3,,
1166,304330689,50.9277823,11.6504777,3,,
1167,304330713,50.9276358,11.6511031,3,,
1168,304330719,50.9276612,11.6513499,4,,
1169,304330741,50.9272509,11.65117,3,,
1170,304330779,50.9263423,11.652971,1,,
1171,304330793,50.9299043,11.6539987,3,,
1172,304330815,50.9314068,11.6544653,1,,
1173,304334872,50.9295583,11.6566033,3,,
1174,304334875,50.9298779,11.6590737,4,,
1175,304334879,50.9308092,11.6551782,3,,
1176,304334883,50.9307048,11.6565222,3,,
1177,304334884,50.9308927,11.656006,1,,
1178,304335455,50.9320165,11.6585121,3,,
1179,304336501,50.9305841,11.6583841,3,,
1180,304337345,50.9305562,11.6566348,3,,
1181,304338811,50.9303439,11.6575707,3,,
1182,304338812,50.9307331,11.6589019,3,,
1183,304338813,50.9293671,11.6591695,3,,
1184,304338817,50.9288085,11.6599402,3,,
1185,304339299,50.9282939,11.6603963,3,,
1186,304340827,50.9294393,11.6599003,3,,
1187,304340829,50.9283504,11.6598779,3,,
1188,304343458,50.9291576,11.6592127,3,,
1189,304343459,50.9291594,11.6581285,3,,
1190,304343460,50.929229,11.6572041,3,,
1191,304343463,50.9297817,11.6580756,3,,
1192,304343597,50.9295839,11.6558972,3,,
1193,304346448,50.9329099,11.6196302,4,,
1194,304347490,50.9312282,11.6300069,3,,
1195,304347494,50.9311288,11.6300124,3,,
1196,304347515,50.9312394,11.6294533,1,,
1197,304489089,50.9174857,11.5947475,3,,
1198,304780342,50.9613392,11.526856,3,,
1199,304780344,50.9616928,11.526775,3,,
1200,304780348,50.9623575,11.5260881,3,,
1201,304780349,50.9619946,11.5250301,3,,
1202,304780360,50.9619371,11.5250415,3,,
1203,305959100,50.8778667,11.5927629,1,,
1204,306206204,50.9090622,11.567027,1,,
1205,307715377,50.9234669,11.5917372,3,,
1206,309717225,50.9035803,11.5975839,3,,
1207,315583403,50.8797999,11.6205915,3,,
1208,315742636,50.9194372,11.6290431,1,,
1209,317940013,50.9296142,11.6570017,4,,
1210,320143031,50.9609978,11.5734262,3,,
1211,320143033,50.9606394,11.5720031,3,,
1212,321569934,50.9611618,11.5741738,3,,
1213,321569936,50.9610753,11.5760195,1,,
1214,330210914,50.9070184,11.5765685,3,,
1215,330945955,50.9302544,11.5119524,1,,
1216,330945957,50.9298452,11.5127586,3,,
1217,330945958,50.9296729,11.5130289,3,,
1218,330945959,50.9286393,11.512424,3,,
1219,330945960,50.9285202,11.5118606,3,,
1220,330946544,50.9269769,11.5165336,3,,
1221,330947844,50.9276243,11.5175814,3,,
1222,330947847,50.9278933,11.5160397,3,,
1223,330948017,50.9281498,11.5178609,4,,
1224,330948019,50.9284273,11.5162575,3,,
1225,330948292,50.9289472,11.516494,3,,
1226,330948297,50.9286782,11.5180962,4,,
1227,330949334,50.9292188,11.5183323,3,,
1228,331046471,50.9310185,11.6205899,3,,
1229,331046713,50.9295634,11.6195808,3,,
1230,331054752,50.9451617,11.5969144,3,,
1231,331055395,50.9468201,11.6006156,3,,
1232,331056344,50.9491651,11.6021553,4,traffic_signals,
1233,331060075,50.9449309,11.605005,3,,
1234,331060506,50.9439753,11.6060047,4,,
1235,331061164,50.9406327,11.5991251,3,,
1236,331064152,50.9470979,11.5973888,3,,
1237,331125938,50.8850583,11.6131935,3,,
1238,331138639,50.905959,11.5744008,3,,
1239,331241268,50.9321639,11.6078298,3,,
1240,331343918,50.928389,11.5906703,3,,
1241,332058428,50.8850366,11.6176517,3,,
1242,332058836,50.8821621,11.6194893,3,,
1243,332058840,50.8826486,11.620428,3,,
1244,332223221,50.9280124,11.5913646,3,,
1245,332224917,50.9251516,11.5232928,3,,
1246,332225011,50.9253387,11.524859,3,,
1247,335751902,50.9024102,11.5737094,4,,
1248,339106518,50.9211631,11.5627613,3,,
1249,339106520,50.9213386,11.5631934,3,,
1250,339106536,50.9208882,11.5650614,3,,
1251,339106538,50.9216097,11.5648143,3,,
1252,339106567,50.9223992,11.5687635,1,,
1253,339106599,50.9209273,11.5620747,1,,
1254,339763909,50.8871067,11.6061557,3,,
1255,339763915,50.8877254,11.6075281,3,,
1256,339764225,50.8873765,11.6079308,3,,
1257,339764227,50.8867547,11.606545,3,,
1258,339764295,50.8870248,11.6083327,3,,
1259,339764884,50.8864043,11.6069509,3,,
1260,340007200,50.9313456,11.5742595,3,,
1261,340007201,50.9308064,11.5739771,2,,
1262,341023534,50.9219867,11.5692241,3,,
1263,344683450,50.9266875,11.5779887,1,,
1264,351933294,50.9322087,11.6020423,4,,
1265,354819238,50.9390573,11.592131,3,,
1266,354913141,50.9354016,11.6086606,3,,
1267,361446244,50.9600683,11.5174532,3,,
1268,361446320,50.960882,11.5176847,1,,
1269,361446604,50.9594633,11.5176042,3,,
1270,361446837,50.9591495,11.5217212,3,,
1271,361447020,50.9593593,11.5240725,1,,
1272,361447021,50.959474,11.5248017,1,,
1273,361447052,50.9615631,11.5233827,3,,
1274,364133335,50.8882399,11.6119761,4,,
1275,364775220,50.9282852,11.5125639,3,,
1276,367040531,50.9301172,11.6276863,1,,
1277,367040539,50.9300505,11.6269866,3,,
1278,367913356,50.9375625,11.5234475,3,,
1279,367913615,50.9379655,11.5234714,3,,
1280,368403269,50.929935,11.5855649,1,,
1281,372512464,50.9276674,11.6522582,1,,
1282,372516616,50.9300411,11.6275942,3,,
1283,373911428,50.9459569,11.6558542,3,,
1284,381012827,50.9166903,11.5932697,3,,
1285,383673239,50.9545623,11.6391097,1,,
1286,383673252,50.9530985,11.6413428,3,,
1287,386097674,50.9155332,11.593108,3,,
1288,386097676,50.9154318,11.5932605,3,,
1289,386097679,50.9160495,11.5943186,1,,
1290,386098056,50.9145745,11.5924818,1,,
1291,386099662,50.8923569,11.5856172,3,,
1292,387455326,50.9234692,11.569789,1,,
1293,387459804,50.9505144,11.6055037,1,turning_circle,
1294,387736520,50.9218389,11.559849,1,,
1295,390370768,50.9301751,11.5690292,1,,
1296,390568537,50.9390971,11.5920069,3,,
1297,390568539,50.9385118,11.5916553,3,,
1298,393866291,50.9319631,11.5699397,3,,
1299,393874470,50.9326827,11.5692736,1,,
1300,393889788,50.9211326,11.5600474,3,,
1301,393889876,50.9216753,11.5588412,1,,
1302,397998035,50.9173569,11.5689421,3,,
1303,403892459,50.923413,11.5697999,3,,
1304,406423512,50.938302,11.5223773,3,,
1305,406423515,50.93762,11.5206528,1,,
1306,406423521,50.9380247,11.5241939,3,,
1307,407833756,50.948546,11.5575035,1,,
1308,411296063,50.9288085,11.5754142,3,bus_stop,
1309,411323648,50.8928792,11.5849049,4,,
1310,411454823,50.9168963,11.5945007,1,,
1311,411454826,50.9170556,11.5952336,3,,
1312,418354835,50.9262783,11.5952495,3,,
1313,418991266,50.9266428,11.595675,3,,
1314,420233997,50.9095471,11.5688353,3,,
1315,424277429,50.8804143,11.6152091,3,,
1316,425377128,50.9401155,11.5873085,3,,
1317,428667816,50.9257834,11.5822388,5,,
1318,428669384,50.930942,11.6036815,3,,
1319,428784626,50.9246507,11.592788,3,,
1320,430229310,50.9754561,11.5511913,3,,
1321,430432841,50.905234,11.5698755,4,,
1322,435879343,50.9291311,11.5188524,3,,
1323,435879345,50.9289795,11.5197092,3,,
1324,435879370,50.929689,11.5200361,3,,
1325,435879391,50.9297209,11.5198894,3,,
1326,435879393,50.9298464,11.519159,3,,
1327,435879402,50.9295838,11.5206114,3,,
1328,435879408,50.9298744,11.5207247,3,,
1329,438609446,50.8784755,11.6218118,3,,
1330,438609452,50.8782124,11.621018,3,,
1331,438609469,50.8786143,11.621022,3,,
1332,444859495,50.9318495,11.5798982,4,,
1333,444859512,50.9306288,11.5794831,1,,
1334,444859515,50.9299201,11.5790625,3,,
1335,444859516,50.9311296,11.5795378,3,,
1336,452498737,50.8832622,11.614061,3,,
1337,452498738,50.8836573,11.6149102,3,,
1338,455397665,50.9498736,11.6130838,1,turning_circle,
1339,456200152,50.9487221,11.6205252,1,,
1340,456712298,50.9588826,11.5239981,1,,
1341,456716283,50.9603542,11.5237744,1,,
1342,457496551,50.9605734,11.5208798,3,,
1343,457496568,50.9607638,11.5208698,3,,
1344,457496760,50.9618106,11.5267512,3,,
1345,457496994,50.9624827,11.5265757,3,,
1346,457497042,50.9615017,11.527712,3,,
1347,460956998,50.9621609,11.5255337,3,,
1348,460957007,50.9619725,11.524959,3,,
1349,460957023,50.9622713,11.5247056,1,,
1350,460957039,50.9624065,11.5253514,1,,
1351,460957067,50.9626065,11.5258835,1,,
1352,461009408,50.9521707,11.561296,3,,
1353,461027553,50.9524529,11.5609929,3,,
1354,461044198,50.9209598,11.6123525,1,,
1355,461059960,50.9306528,11.6291771,1,,
1356,461820602,50.9292849,11.5179524,3,,
1357,461820603,50.9298001,11.5181968,1,,
1358,465198372,50.9358617,11.608346,1,,
1359,469110896,50.9593551,11.5536493,4,,
1360,469111146,50.9595569,11.5521405,3,,
1361,469111147,50.9588212,11.5538161,1,,
1362,469111537,50.9595344,11.5536443,3,,
1363,470368186,50.9355532,11.5893531,3,,
1364,474416081,50.9618249,11.5183257,1,,
1365,479754969,50.937753,11.5234673,3,,
1366,485964673,50.9421395,11.597288,1,,
1367,485967210,50.9239064,11.5802804,3,,
1368,489962072,50.8766052,11.593079,4,,
1369,503600152,50.9258252,11.5904773,4,,
1370,503600159,50.9258946,11.5906593,4,,
1371,503606646,50.926005,11.5909187,3,,
1372,503644092,50.8964368,11.5966559,3,,
1373,506241399,50.9735077,11.5335135,1,,
1374,506241477,50.9748269,11.5362979,1,,
1375,506241666,50.9734122,11.5357794,3,,
1376,506241682,50.97345,11.5354749,3,,
1377,506241813,50.9724698,11.5357108,1,,
1378,506518761,50.9733329,11.535986,3,,
1379,506518847,50.9726376,11.5362692,3,,
1380,522935097,50.9291986,11.518441,3,,
1381,522935103,50.9301404,11.5208452,1,,
1382,522935112,50.9276651,11.5176452,3,,
1383,522935114,50.929232,11.5166184,3,,
1384,522935115,50.9289449,11.5182069,3,,
1385,522935117,50.9286951,11.516378,3,,
1386,522935119,50.928419,11.5179835,3,,
1387,522935120,50.928165,11.516152,3,,
1388,522935121,50.9278782,11.5177423,3,,
1389,522935122,50.9286595,11.518203,4,,
1390,522935123,50.9281311,11.5179637,4,,
1391,530200832,50.9185255,11.5779488,1,,
1392,540212502,50.9038278,11.5778157,3,,
1393,550474021,50.8922826,11.6091893,3,,
1394,567151844,50.9400511,11.6007408,1,,
1395,567153227,50.9390821,11.5976645,3,,
1396,567153665,50.9389694,11.5979599,1,,
1397,574736004,50.9261255,11.5668837,3,,
1398,582571506,50.93284,11.5527631,1,,
1399,590039066,50.9293412,11.5128324,3,,
1400,590039070,50.9294299,11.5128848,3,,
1401,590039086,50.9299365,11.5132586,1,,
1402,590386236,50.9296737,11.5131403,3,,
1403,604430236,50.927375,11.5157871,3,,
1404,604430242,50.9295202,11.5209355,1,,
1405,626491581,50.9300826,11.5729573,3,,
1406,626491582,50.9300042,11.5725513,3,,
1407,634930054,50.9198902,11.5728435,1,,
1408,635767908,50.9221482,11.5640924,1,,
1409,648114540,50.9299512,11.5929764,1,,
1410,653220530,50.9290964,11.5831206,2,,
1411,656736008,50.930116,11.5932227,1,,
1412,663301617,50.9270769,11.5981014,1,,
1413,665076465,50.9278554,11.5869603,1,,
1414,665955282,50.9291821,11.5723386,1,,
1415,668985090,50.9596091,11.5527148,3,,
1416,672778054,50.9594713,11.5532998,3,,
1417,672780455,50.9299888,11.5931162,4,,
1418,673445261,50.9488115,11.5605436,3,,
1419,673445552,50.948711,11.5603664,3,,
1420,674007837,50.9607437,11.5520518,1,,
1421,674008004,50.9602457,11.5540726,3,,
1422,674008422,50.9599732,11.5537728,3,,
1423,674008806,50.9600829,11.5542298,3,,
1424,677784351,50.9302654,11.5893128,3,,
1425,677784364,50.9299724,11.5907836,6,,
1426,677784369,50.9300225,11.5932518,4,,
1427,687059327,50.962775,11.6187001,1,,
1428,687059333,50.9630648,11.6198716,3,,
1429,687177325,50.9609958,11.5738991,3,,
1430,688361399,50.9598886,11.5728148,3,,
1431,703754427,50.9338837,11.6259315,3,,
1432,703754520,50.9339172,11.6289794,3,,
1433,710751593,50.9341278,11.6290102,1,,
1434,720879910,50.9055687,11.5658419,3,,
1435,720879921,50.9054071,11.5658678,4,,
1436,720961933,50.9034545,11.5705482,3,,
1437,750738055,50.9611209,11.6182684,3,,
1438,764552016,50.9559627,11.6381612,3,,
1439,792238681,50.9060438,11.5697236,3,,
1440,792258865,50.9061028,11.567577,3,,
1441,827460864,50.8769424,11.6141165,3,,
1442,827460885,50.8781934,11.6141762,3,,
1443,827461001,50.8782009,11.6138585,1,,
1444,830343278,50.9505695,11.6385708,1,,
1445,851561500,50.8813651,11.6179859,3,,
1446,851561546,50.8792367,11.6235175,3,motorway_junction,54
1447,851561692,50.8813873,11.6177023,4,,
1448,851561978,50.8812748,11.6174324,3,,
1449,851562012,50.8803149,11.6143704,3,motorway_junction,54
1450,851562020,50.8812183,11.6179248,3,,
1451,876377811,50.9217879,11.5575246,1,,
1452,894788741,50.8986205,11.5801423,3,,
1453,899415608,50.9188631,11.578946,1,,
1454,989078983,50.9604926,11.5082869,3,,
1455,989079011,50.9604698,11.5075576,3,,
1456,993135534,50.9337522,11.6315466,3,,
1457,1106434141,50.9299058,11.6307944,3,,
1458,1107416923,50.9060254,11.6151829,1,,
1459,1153326926,50.9049827,11.5718371,4,,
1460,1192864125,50.9499848,11.5588508,1,,
1461,1192864143,50.9500718,11.5588609,3,,
1462,1221916586,50.9164377,11.5936503,1,,
1463,1230860868,50.906526,11.611414,1,,
1464,1230861935,50.9058684,11.6105553,3,,
1465,1239936788,50.9301224,11.6321797,3,,
1466,1239936838,50.9306356,11.6323299,3,,
1467,1262441233,50.9056337,11.5673739,4,,
1468,1270681763,50.8686744,11.601524,3,,
1469,1270681906,50.8685319,11.6013447,3,,
1470,1274113511,50.8961223,11.5967156,3,,
1471,1279071741,50.9211743,11.6239349,1,,
1472,1279071742,50.9209197,11.6245687,3,,
1473,1279071752,50.9207291,11.6243718,1,,
1474,1279207357,50.9202828,11.6120791,3,,
1475,1279212694,50.9208234,11.6086564,3,,
1476,1289950079,50.9150617,11.5702017,4,traffic_signals,
1477,1298725236,50.9323086,11.5874668,3,,
1478,1298725261,50.9330619,11.5875548,3,,
1479,1353506517,50.9661016,11.6254413,3,,
1480,1353506565,50.9608654,11.6232949,3,,
1481,1376706811,50.9280066,11.5186655,1,,
1482,1376706997,50.9287786,11.5207722,1,,
1483,1378614525,50.8833317,11.6218191,1,,
1484,1393839919,50.937731,11.5246282,3,,
1485,1393839987,50.9379947,11.52381,3,,
1486,1393840156,50.9386386,11.5223977,1,,
1487,1399017643,50.9361392,11.6120857,3,,
1488,1399017645,50.9355174,11.614862,1,,
1489,1401374264,50.9293551,11.588535,2,,
1490,1409984246,50.9510771,11.5605087,4,,
1491,1409984247,50.9511393,11.5612426,1,,
1492,1409984251,50.9515258,11.5602868,1,,
1493,1410085521,50.9509117,11.5609546,1,,
1494,1410085523,50.9512674,11.5600406,1,,
1495,1436432124,50.9285798,11.5835787,2,,
1496,1436432138,50.9288636,11.5836595,2,,
1497,1468410604,50.8614962,11.5992305,3,,
1498,1468410621,50.8623067,11.5969684,3,,
1499,1468410624,50.8623558,11.5964668,3,,
1500,1468410627,50.8625981,11.5996754,4,,
1501,1474275846,50.8825503,11.608747,3,,
1502,1474278330,50.8832665,11.6103331,3,,
1503,1478289398,50.8705002,11.5980569,3,,
1504,1478289401,50.8705476,11.597387,3,,
1505,1478289425,50.8706476,11.5973228,3,,
1506,1478289436,50.8707643,11.598185,3,,
1507,1478289439,50.8708787,11.5974167,3,,
1508,1478289452,50.8708276,11.5981489,3,,
1509,1478289457,50.8715916,11.5933343,3,motorway_junction,53
1510,1490420465,50.9271799,11.6239149,3,,
1511,1495167014,50.906835,11.5908265,2,,
1512,1548431707,50.9591517,11.6195035,1,turning_circle,
1513,1549401786,50.9620028,11.5183109,1,turning_circle,
1514,1564497745,50.9249212,11.6065473,1,,
1515,1584091334,50.8768175,11.5931955,3,,
1516,1609900170,50.9344321,11.5704114,3,,
1517,1626459017,50.9254514,11.5936501,3,,
1518,1626459038,50.9479085,11.6043284,2,,
1519,1626459050,50.9483794,11.6036146,2,,
1520,1626459086,50.9490898,11.6001781,1,turning_circle,
1521,1631409201,50.9320509,11.5373892,3,,
1522,1631409216,50.9601073,11.5178422,3,,
1523,1631409219,50.9607182,11.5195878,3,,
1524,1631409234,50.9617422,11.5219353,3,,
1525,1631409236,50.9619173,11.5207261,3,,
1526,1631409240,50.9619611,11.5196186,3,,
1527,1631409247,50.9628864,11.5203731,3,,
1528,1633001138,50.9605432,11.5215818,3,,
1529,1633001146,50.9618793,11.5261953,1,,
1530,1633001149,50.9628389,11.5264948,1,,
1531,1634539078,50.8783733,11.6215983,4,,
1532,1637887318,50.9468506,11.5599004,1,,
1533,1640674076,50.9499143,11.5531455,1,,
1534,1661045809,50.9600348,11.5726144,4,,
1535,1662292199,50.9253284,11.5882986,2,,
1536,1662330022,50.9193788,11.5949744,1,,
1537,1662434816,50.9520255,11.5610151,1,,
1538,1677486654,50.9430178,11.5911247,1,,
1539,1680623308,50.8922678,11.5848165,1,,
1540,1684078546,50.9285926,11.5979895,3,,
1541,1684078985,50.9306529,11.5972959,3,,
1542,1684079094,50.9305763,11.6041361,1,,
1543,1688631526,50.9006568,11.5708387,1,,
1544,1697360422,50.876524,11.5938099,3,motorway_junction,
1545,1697360424,50.8766165,11.5936219,3,,
1546,1697360430,50.8767964,11.5935057,4,,
1547,1697360431,50.8768267,11.5936244,4,,
1548,1697360437,50.876897,11.5934451,4,,
1549,1697360438,50.876928,11.593569,4,,
1550,1697360441,50.8772031,11.5932963,3,,
1551,1710369528,50.9300643,11.5746459,3,,
1552,1712417612,50.8796405,11.6336928,3,traffic_signals,
1553,1712417614,50.8808451,11.6318732,4,,
1554,1712853801,50.8838373,11.6058272,3,,
1555,1712853827,50.8844901,11.6165401,3,,
1556,1712853841,50.8849793,11.6147177,3,,
1557,1712853860,50.8852107,11.6180134,3,,
1558,1712853869,50.8856623,11.6091024,3,,
1559,1712853902,50.8859074,11.6137436,3,,
1560,1712853914,50.8859816,11.6097844,3,,
1561,1712853948,50.8862029,11.6091782,3,,
1562,1712854004,50.8867072,11.6096241,3,,
1563,1712854027,50.8869089,11.6093103,3,,
1564,1712854031,50.8869771,11.6158331,4,,
1565,1712854112,50.8882449,11.6141866,3,motorway_junction,
1566,1712854153,50.8879969,11.612247,3,,
1567,1713167808,50.8700378,11.6061445,3,,
1568,1713168566,50.8782092,11.6218013,3,,
1569,1713168569,50.8783613,11.6213267,4,,
1570,1714464859,50.9211876,11.6042122,3,,
1571,1720326431,50.9353464,11.5944683,1,turning_circle,
1572,1720330908,50.9351428,11.592859,3,,
1573,1720816051,50.9338827,11.6111698,3,,
1574,1721472604,50.9288997,11.6565263,3,,
1575,1721472605,50.9291574,11.6555651,3,,
1576,1721472610,50.9294959,11.6544976,3,,
1577,1721472613,50.9295731,11.6560056,3,,
1578,1721472614,50.9297694,11.6579877,3,,
1579,1721472616,50.9301325,11.6567428,3,,
1580,1723098691,50.9202804,11.6116185,3,,
1581,1723098696,50.9207239,11.6090331,3,,
1582,1755207640,50.9312341,11.659707,3,,
1583,1755207660,50.9312674,11.6603714,3,,
1584,1757497422,50.9124154,11.5911855,3,,
1585,1757500498,50.9093297,11.5907505,3,,
1586,1788468146,50.868945,11.5976652,3,motorway_junction,
1587,1788468205,50.871584,11.5950942,3,,
1588,1789167540,50.8690587,11.5975258,3,,
1589,1789167670,50.8706098,11.5986483,3,,
1590,1789167671,50.8705713,11.5981434,3,,
1591,1789167688,50.8708445,11.5967722,3,,
1592,1789167697,50.8708591,11.5973887,3,,
1593,1789167800,50.87263,11.5950419,3,motorway_junction,53
1594,1795799423,50.9453763,11.6541128,1,,
1595,1798117281,50.8610262,11.5984546,3,,
1596,1798117329,50.8619179,11.5982176,3,motorway_junction,
1597,1798117331,50.8619239,11.5983657,3,motorway_junction,
1598,1829859903,50.8685565,11.6016593,3,,
1599,1829859911,50.8692053,11.6019523,1,,
1600,1829868877,50.8694181,11.5665422,4,,
1601,1829868879,50.8695841,11.5654182,1,,
1602,1830526859,50.9160428,11.5782176,4,,
1603,1830532377,50.9186305,11.5779596,3,,
1604,1830532378,50.9186297,11.578742,3,,
1605,1830532380,50.9185174,11.5798045,3,,
1606,1830537587,50.9213868,11.5795864,4,,
1607,1830546035,50.9239391,11.5770906,3,,
1608,1830546043,50.9239517,11.5722036,3,,
1609,1830547970,50.923078,11.5747445,4,,
1610,1830547974,50.9234342,11.5722336,4,,
1611,1830547978,50.9236413,11.5733674,3,,
1612,1830547983,50.9215891,11.5701511,3,,
1613,1830547996,50.9238474,11.5744815,4,,
1614,1830552306,50.9226297,11.5733674,1,,
1615,1830552307,50.9222346,11.5713295,3,,
1616,1830552312,50.9224674,11.5744228,3,,
1617,1830552315,50.9216286,11.5704585,3,,
1618,1830554142,50.92544,11.5683048,3,,
1619,1830554143,50.926382,11.5684309,3,,
1620,1830556652,50.9226213,11.580303,1,,
1621,1830556654,50.9244869,11.5801267,3,,
1622,1830556660,50.9247871,11.5801059,3,,
1623,1830558031,50.9232311,11.5786252,3,,
1624,1830558034,50.9233097,11.5803431,3,,
1625,1830561088,50.9236163,11.580492,3,,
1626,1830562933,50.9262965,11.5788274,3,,
1627,1830564679,50.927131,11.5794307,3,,
1628,1830567859,50.9276373,11.5782186,3,,
1629,1830567860,50.9281214,11.5787367,3,,
1630,1830592178,50.929362,11.5813015,3,,
1631,1830596772,50.9051177,11.560865,3,,
1632,1830596776,50.9051357,11.5606077,3,,
1633,1830596828,50.907109,11.566686,3,,
1634,1830596830,50.9072499,11.5672455,3,,
1635,1830608277,50.935156,11.5877212,4,,
1636,1830611283,50.9371748,11.5978626,3,,
1637,1830611294,50.9377223,11.5956423,3,,
1638,1830620016,50.9323447,11.6093991,3,,
1639,1830624292,50.9315288,11.5946283,3,,
1640,1830645069,50.9119152,11.5753743,3,,
1641,1830703503,50.8760339,11.5906711,1,,
1642,1830703506,50.8762183,11.5908334,3,,
1643,1830703544,50.8773998,11.5891849,3,,
1644,1830703575,50.87768,11.5906436,3,,
1645,1830703577,50.8777956,11.591488,4,,
1646,1830703584,50.8783626,11.5913472,3,,
1647,1831995025,50.8786891,11.6212113,3,,
1648,1831995059,50.879876,11.6173876,3,,
1649,1833464371,50.9301644,11.5847043,3,,
1650,1833522107,50.930038,11.5891566,4,,
1651,1835091159,50.9225953,11.5700409,3,,
1652,1835091186,50.9227797,11.5711172,3,,
1653,1836681901,50.8806992,11.6296343,3,,
1654,1836681903,50.8811886,11.6298207,4,,
1655,1839938664,50.9270189,11.5758154,3,,
1656,1839957037,50.9321347,11.5991987,3,,
1657,1842544501,50.914247,11.5639398,3,,
1658,1844001834,50.8793433,11.6335102,1,,
1659,1844002106,50.8819001,11.6403976,1,turning_circle,
1660,1844002125,50.8820622,11.6363572,3,,
1661,1844002305,50.8869413,11.6144543,1,,
1662,1849693279,50.9206913,11.5933213,3,,
1663,1849693280,50.9207421,11.5935359,3,,
1664,1849704548,50.9206855,11.5953712,3,,
1665,1854397280,50.8990373,11.5884358,1,,
1666,1854397751,50.9000473,11.5804827,3,,
1667,1854398090,50.9012937,11.5912013,1,,
1668,1854488952,50.9014275,11.5801603,3,,
1669,1854489604,50.9023317,11.5843841,1,,
1670,1854490523,50.9035212,11.5774226,3,,
1671,1854490924,50.9037985,11.5837777,1,,
1672,1854491042,50.9067854,11.5807409,1,turning_circle,
1673,1854491045,50.9068759,11.579104,3,,
1674,1854491053,50.9073486,11.57687,3,,
1675,1855280372,50.9241307,11.5843163,3,,
1676,1864236981,50.8841865,11.6096739,3,,
1677,1868467512,50.9243699,11.581973,3,,
1678,1868578445,50.921682,11.5708267,3,,
1679,1871149993,50.8822149,11.6027218,2,,
1680,1871150029,50.8824074,11.6027148,2,,
1681,1879641527,50.9101171,11.5718248,1,,
1682,1886444825,50.8907343,11.5954952,3,,
1683,1905241330,50.9616321,11.5226805,4,,
1684,1905250559,50.9606597,11.5195788,3,,
1685,1905823760,50.9342775,11.599299,3,,
1686,1909767112,50.9496087,11.5638381,3,,
1687,1909767115,50.9509633,11.5625288,3,,
1688,1909767117,50.950878,11.5601293,4,,
1689,1909767120,50.9513497,11.5617354,3,,
1690,1909767122,50.9521209,11.5601469,3,,
1691,1909799297,50.9483141,11.5589213,3,,
1692,1909799299,50.9486328,11.5592393,3,,
1693,1909799304,50.9513075,11.5608187,3,,
1694,1918283763,50.9354349,11.5924162,1,,
1695,1930861366,50.9319426,11.6613468,3,,
1696,1950856976,50.9453718,11.5965125,3,,
1697,1954776986,50.8850162,11.6006753,3,,
1698,1954776995,50.8888657,11.5990514,3,,
1699,1954777001,50.8876245,11.600555,3,,
1700,1954777009,50.8872949,11.5960179,3,,
1701,1954777012,50.8875125,11.5991593,4,,
1702,1954777031,50.8848844,11.5963843,3,,
1703,1954777035,50.8850937,11.5995591,3,,
1704,1960361251,50.8791584,11.6204282,3,,
1705,1968653730,50.8861135,11.6072749,4,,
1706,1968653731,50.8874469,11.6058145,3,,
1707,1996152294,50.877146,11.5863493,1,,
1708,1996152300,50.8772709,11.5886256,1,,
1709,1996157450,50.8678742,11.5897121,3,,
1710,1996157453,50.8678737,11.5907799,1,,
1711,1996157455,50.8673492,11.5895861,3,,
1712,1996157457,50.8681686,11.5874191,1,,
1713,1996163123,50.9526448,11.5615308,3,,
1714,1996163127,50.9538013,11.5600594,3,,
1715,2026300663,50.9263763,11.5848044,3,,
1716,2026300665,50.9263857,11.5835444,3,,
1717,2026300675,50.9266735,11.5834945,3,,
1718,2026415144,50.876925,11.5939005,3,,
1719,2026415176,50.8771205,11.5940405,3,,
1720,2026687202,50.8916099,11.5937346,1,,
1721,2026739692,50.9413374,11.5915451,3,traffic_signals,
1722,2026739774,50.951856,11.61315,3,,
1723,2026739776,50.9519304,11.6134139,3,,
1724,2026764368,50.9306299,11.5907853,3,,
1725,2026764388,50.9317138,11.5901757,3,,
1726,2026764409,50.9322125,11.5902063,5,traffic_signals,
1727,2026764418,50.9329582,11.5904186,3,,
1728,2026764426,50.9334068,11.5905463,1,,
1729,2026764471,50.9378465,11.5900141,3,,
1730,2029034854,50.9418443,11.5991394,1,,
1731,2041946809,50.9044271,11.5608832,3,,
1732,2041946853,50.9056354,11.5613028,3,,
1733,2041946882,50.9051116,11.5601157,3,,
1734,2045933448,50.9286057,11.5938394,4,traffic_signals,
1735,2045933510,50.9317267,11.6074449,3,,
1736,2053334245,50.946381,11.6558805,1,turning_circle,
1737,2062466208,50.8906858,11.5822624,3,,
1738,2062466209,50.8910432,11.5809055,4,,
1739,2062466210,50.8911262,11.581,3,,
1740,2062466211,50.8911847,11.5806596,3,turning_circle,
1741,2062466220,50.9011271,11.570483,3,,
1742,2062466223,50.9323357,11.5702916,1,,
1743,2062466224,50.9325717,11.5686677,3,,
1744,2068623126,50.9210768,11.5659194,1,,
1745,2091462739,50.9065681,11.6054061,3,,
1746,2098888189,50.9306521,11.6582814,3,,
1747,2098888191,50.9318826,11.6617402,3,,
1748,2099046711,50.9314005,11.6551988,1,,
1749,2099818856,50.8626662,11.6002071,3,,
1750,2103898705,50.8816668,11.6328179,3,,
1751,2106497115,50.8821981,11.6091406,3,,
1752,2106497119,50.8829151,11.6107194,3,,
1753,2106497120,50.8829225,11.6083177,3,,
1754,2106497122,50.8836456,11.6099226,3,,
1755,2132406978,50.8676666,11.5876969,3,,
1756,2140878342,50.93417,11.6030128,1,,
1757,2141074308,50.8877882,11.631418,3,,
1758,2149003755,50.9527435,11.6183482,1,,
1759,2157406772,50.905141,11.5918114,3,,
1760,2158780837,50.9589932,11.5193945,3,,
1761,2158780857,50.9581827,11.5209857,1,,
1762,2158786693,50.9603171,11.5082839,3,,
1763,2158788922,50.9601806,11.5080607,3,,
1764,2158789725,50.9603849,11.5087544,3,,
1765,2158790284,50.9606251,11.5190869,3,,
1766,2158790291,50.9609712,11.51896,1,,
1767,2158790294,50.9602065,11.5180742,3,,
1768,2158803324,50.9332484,11.5709743,3,,
1769,2158803339,50.9334701,11.5710299,3,,
1770,2159850845,50.9485637,11.6033204,4,,
1771,2162933310,50.8930474,11.6074848,3,,
1772,2163106403,50.889903,11.6301676,1,,
1773,2163211947,50.8665328,11.5963703,1,,
1774,2163340114,50.8784119,11.59176,3,,
1775,2163367584,50.8898794,11.6054397,1,,
1776,2187424210,50.9586092,11.5524753,1,,
1777,2195066595,50.8977504,11.5890012,1,,
1778,2197986954,50.8771277,11.6080318,3,,
1779,2197987009,50.8837724,11.6022819,1,turning_circle,
1780,2226256522,50.9454837,11.5972809,3,,
1781,2247151078,50.8689436,11.6029807,3,,
1782,2247151080,50.8687365,11.6028673,3,,
1783,2249828721,50.8812481,11.5926334,1,,
1784,2249828724,50.8807409,11.592754,3,,
1785,2250988518,50.9349611,11.6264614,3,,
1786,2250988553,50.9340709,11.6326623,1,,
1787,2250988557,50.9351342,11.6264218,1,,
1788,2252832128,50.945893,11.595954,1,,
1789,2254370021,50.9443302,11.6033805,1,,
1790,2271982126,50.9281571,11.6019439,3,,
1791,2276805488,50.8728166,11.5937469,3,,
1792,2285844385,50.9507542,11.6405779,1,,
1793,2298359189,50.8857749,11.5907406,3,,
1794,2298359190,50.8863225,11.5915513,1,,
1795,2298359191,50.8893686,11.5900389,1,,
1796,2306876027,50.8840666,11.6170088,1,,
1797,2308266431,50.8918431,11.603716,1,,
1798,2342009876,50.9341252,11.5775281,3,,
1799,2342009917,50.9342363,11.5806882,1,,
1800,2363055001,50.9301455,11.5732445,1,,
1801,2369222595,50.9344344,11.5937724,3,,
1802,2376601370,50.8692254,11.5659013,1,,
1803,2392876817,50.9238823,11.5918372,5,,
1804,2397744144,50.9116715,11.5884989,3,,
1805,2408587975,50.9241659,11.573422,3,,
1806,2420233650,50.8833752,11.6241177,3,,
1807,2432882691,50.9503157,11.6157588,3,,
1808,2432882822,50.952191,11.6072726,3,,
1809,2458464335,50.9360733,11.5983403,1,,
1810,2464861014,50.8815612,11.6174653,3,motorway_junction,
1811,2464861191,50.8878753,11.6108458,3,,
1812,2478839003,50.9355585,11.6089358,4,,
1813,2478839100,50.9335024,11.6146509,3,,
1814,2478839126,50.9336912,11.6195776,3,,
1815,2478839158,50.9337884,11.6213797,3,,
1816,2482086913,50.8880742,11.6070342,2,,
1817,2482179211,50.9347808,11.6279838,1,,
1818,2483646123,50.8895235,11.6340491,1,,
1819,2483646135,50.8896736,11.6335284,3,,
1820,2484106950,50.9042562,11.558425,3,,
1821,2488658389,50.8776733,11.590599,3,,
1822,2500046689,50.9281316,11.572201,3,,
1823,2501536524,50.9288582,11.5873269,1,,
1824,2511413047,50.9362474,11.5721392,1,mini_roundabout,
1825,2511413065,50.9376237,11.573084,1,,
1826,2515272311,50.9163654,11.5681988,3,,
1827,2516449195,50.9244172,11.5774072,3,,
1828,2516449197,50.9243571,11.580255,3,,
1829,2522488226,50.8916293,11.5756573,3,,
1830,2529776029,50.89288,11.5796855,1,,
1831,2531317577,50.9292245,11.6019087,1,,
1832,2535390253,50.8988998,11.5802668,3,,
1833,2539596270,50.9291557,11.5861952,1,,
1834,2550554758,50.9261557,11.5980234,3,,
1835,2550555046,50.9308378,11.6035082,3,,
1836,2554729031,50.8791288,11.592973,3,,
1837,2554729038,50.8791077,11.5896108,1,,
1838,2554729068,50.8811062,11.5898442,1,,
1839,2555989687,50.9279714,11.6008898,1,,
1840,2557869164,50.9300287,11.6296576,3,,
1841,2592148401,50.8774961,11.5853458,1,,
1842,2592148587,50.8781493,11.5883309,3,,
1843,2601526047,50.9405145,11.6027861,3,,
1844,2601526515,50.9550816,11.6240664,3,,
1845,2602298583,50.9048685,11.5631527,3,,
1846,2606267664,50.9238257,11.5659031,3,,
1847,2606267688,50.9243713,11.5762711,4,,
1848,2606267788,50.9263094,11.5739335,4,,
1849,2606267790,50.9263398,11.5756087,3,,
1850,2606267791,50.9263465,11.5760588,3,,
1851,2606267815,50.926725,11.5808858,4,,
1852,2606267903,50.9349866,11.5565196,3,,
1853,2606267916,50.93562,11.5581635,3,,
1854,2606267921,50.9356839,11.5580637,3,,
1855,2606267946,50.9369144,11.5585502,3,,
1856,2606267957,50.9370962,11.5581018,4,,
1857,2606267960,50.9373239,11.5582986,3,,
1858,2606267988,50.9441518,11.566334,1,,
1859,2607213965,50.9293485,11.5886727,3,,
1860,2611752575,50.9301472,11.585311,3,,
1861,2611994386,50.9311866,11.6325358,3,,
1862,2612991739,50.928776,11.5940256,1,,
1863,2613659428,50.8952953,11.592932,1,turning_circle,
1864,2613660602,50.8980765,11.592472,3,,
1865,2613660641,50.8984845,11.5925389,4,,
1866,2613660644,50.8986066,11.592559,4,,
1867,2613660649,50.899393,11.5927264,3,,
1868,2613772260,50.9037208,11.5740874,3,,
1869,2625121166,50.9598745,11.5079258,4,,
1870,2625121170,50.9601837,11.5077829,3,,
1871,2625121180,50.9603275,11.507566,3,,
1872,2625121183,50.9603642,11.509278,3,,
1873,2651936545,50.893558,11.6088578,3,,
1874,2702804154,50.9149245,11.5701981,3,,
1875,2702804199,50.9500291,11.6107308,3,,
1876,2702804214,50.9530276,11.6105852,3,,
1877,2717331451,50.9276354,11.5801963,3,,
1878,2726049038,50.9233815,11.5935547,3,,
1879,2726165223,50.9203988,11.5907316,4,,
1880,2726182657,50.9142691,11.589266,3,,
1881,2726902064,50.9093789,11.5663691,1,,
1882,2726902206,50.9195618,11.5707779,3,,
1883,2727004670,50.9210956,11.5696133,3,,
1884,2727004685,50.9231674,11.5685507,4,,
1885,2727044128,50.9218258,11.5696148,3,,
1886,2732513893,50.8850164,11.5881773,3,,
1887,2732814685,50.9317124,11.5804578,1,,
1888,2735543513,50.893959,11.5740993,1,,
1889,2742253000,50.9300929,11.5872222,4,,
1890,2759464681,50.9051377,11.5731563,3,,
1891,2782061062,50.9329441,11.6541806,3,,
1892,2782926660,50.8792231,11.6350213,3,,
1893,2881600096,50.9338135,11.5875804,4,,
1894,2892194351,50.9581134,11.6207792,3,,
1895,2892194443,50.9588656,11.6202742,3,,
1896,2904161759,50.9345567,11.6312964,1,,
1897,2906955129,50.9337102,11.5906047,4,,
1898,2906955131,50.9338006,11.5906339,4,,
1899,2906955141,50.934057,11.5902776,3,,
1900,2906955148,50.9341098,11.5908916,3,,
1901,2909552575,50.9238716,11.598046,1,,
1902,2909552577,50.9239611,11.5975851,3,,
1903,2994478677,50.9517212,11.5622026,3,,
1904,2994478678,50.9519088,11.5618441,1,,
1905,2994478679,50.9515768,11.5624805,1,turning_circle,
1906,2994478772,50.9520203,11.5614838,1,,
1907,2994481745,50.9524308,11.5590577,3,,
1908,2994486158,50.9512403,11.5556451,3,,
1909,2994489020,50.9512932,11.5570929,3,,
1910,3112613964,50.9210492,11.5812928,3,,
1911,3112613967,50.9213947,11.5802242,5,,
1912,3113206458,50.923012,11.5828596,3,,
1913,3113206466,50.9234365,11.5825777,3,,
1914,3113206470,50.9245617,11.5820794,3,,
1915,3113206471,50.9245884,11.5782512,3,,
1916,3113206473,50.9249027,11.580021,3,,
1917,3113206478,50.9256903,11.5819607,3,,
1918,3113206479,50.9255534,11.5823199,3,,
1919,3154748170,50.9338586,11.5865377,3,,
1920,3154748171,50.9338328,11.5865382,3,,
1921,3175072289,50.9435046,11.5917957,3,,
1922,3175072290,50.9431413,11.5914666,1,,
1923,3181932608,50.9084872,11.5713414,3,,
1924,3181932639,50.9122055,11.5713181,3,,
1925,3181932640,50.912497,11.5725226,1,,
1926,3182527025,50.892538,11.5952228,3,,
1927,3182800808,50.9125499,11.5726863,3,,
1928,3182800812,50.9135874,11.5718584,3,,
1929,3182800814,50.9138946,11.5713173,3,,
1930,3182800818,50.9145503,11.5703318,3,,
1931,3190465239,50.9079412,11.5700333,3,,
1932,3190465255,50.9094485,11.5732714,4,,
1933,3195842177,50.8927296,11.5827875,3,,
1934,3218166016,50.9589062,11.5180615,3,,
1935,3218166019,50.9590307,11.5177709,3,,
1936,3218166037,50.9597213,11.5154776,3,,
1937,3218227171,50.9598573,11.5694109,4,,
1938,3218227187,50.9602085,11.566226,3,,
1939,3218617358,50.9206405,11.5797006,1,,
1940,3218618064,50.9208915,11.5788548,3,,
1941,3218816039,50.9284854,11.6309486,4,,
1942,3218816048,50.9280152,11.631206,3,,
1943,3218816446,50.9326155,11.623661,3,,
1944,3218816565,50.9320332,11.6238035,1,,
1945,3218816614,50.9320069,11.6270237,3,,
1946,3218816705,50.9317602,11.6300548,3,,
1947,3221776339,50.9303646,11.6304947,3,,
1948,3224164012,50.9147981,11.561903,3,,
1949,3227430001,50.9328091,11.624208,3,,
1950,3227430021,50.9338006,11.6231731,3,,
1951,3232100614,50.9708107,11.5230539,3,,
1952,3234092648,50.9291164,11.6001554,1,,
1953,3236790919,50.9312339,11.6242798,1,,
1954,3236790943,50.9311092,11.6253469,3,,
1955,3236799632,50.9313871,11.6203758,3,,
1956,3238148545,50.9346624,11.6251705,1,,
1957,3259104418,50.9288921,11.624264,1,,
1958,3261579616,50.9321352,11.6169955,3,,
1959,3261579621,50.9326193,11.6181122,3,,
1960,3265013479,50.8809585,11.6184827,3,,
1961,3266372250,50.9309638,11.609648,1,,
1962,3266372678,50.9323176,11.609147,3,,
1963,3266372679,50.9317311,11.6094327,3,,
1964,3266399750,50.9308545,11.6298692,3,,
1965,3282522038,50.9299099,11.5187457,1,,
1966,3297620113,50.9224108,11.5723067,4,,
1967,3357301633,50.9214737,11.5668064,1,,
1968,3357301634,50.9219727,11.5659955,3,,
1969,3357301636,50.9216885,11.566473,1,,
1970,3359131163,50.9245177,11.5989388,3,,
1971,3359131171,50.9271504,11.6003956,1,turning_circle,
1972,3365414735,50.9041884,11.5769207,1,,
1973,3365414736,50.9041664,11.5766807,3,,
1974,3365440732,50.9033592,11.5771016,1,,
1975,3365440735,50.9026169,11.5769753,3,,
1976,3365440736,50.9026345,11.5772428,1,,
1977,3367982487,50.9297968,11.6210572,3,,
1978,3367982488,50.9297382,11.620988,3,,
1979,3367982514,50.9296371,11.6242212,3,,
1980,3368045800,50.9286461,11.6196364,3,,
1981,3368045810,50.9287241,11.6199254,3,,
1982,3368045875,50.9295704,11.6211017,3,,
1983,3368402347,50.9296077,11.621227,3,,
1984,3368402348,50.9296684,11.6210548,3,,
1985,3368408164,50.9033838,11.5833313,3,,
1986,3368408165,50.9034847,11.5836915,1,,
1987,3368408166,50.9029759,11.5834263,3,,
1988,3368408167,50.9031062,11.5838152,1,,
1989,3368523128,50.9288761,11.6241614,3,,
1990,3368523176,50.928787,11.6219234,3,,
1991,3368523180,50.9285451,11.6218665,3,,
1992,3368523182,50.9291856,11.6220465,3,,
1993,3368646318,50.9338848,11.6069537,3,,
1994,3368646337,50.9344782,11.6080205,1,,
1995,3368646339,50.9351897,11.6084747,3,,
1996,3368646341,50.9353406,11.6087256,3,,
1997,3368734047,50.9007938,11.5803087,3,,
1998,3368734048,50.9007569,11.5799516,1,,
1999,3368734049,50.9007125,11.5803277,3,,
2000,3368734050,50.9007451,11.5806894,1,,
2001,3369021200,50.9319265,11.6264848,4,,
2002,3369915622,50.9342578,11.6071262,4,traffic_signals,
2003,3369942808,50.9334248,11.609484,3,,
2004,3369954904,50.9315042,11.6113758,5,,
2005,3371626162,50.9307132,11.6140637,1,,
2006,3371626166,50.93236,11.6107492,3,,
2007,3371864188,50.930862,11.6121244,1,,
2008,3372194142,50.9321529,11.6077688,3,,
2009,3372194160,50.931313,11.6051727,3,,
2010,3372210707,50.9280073,11.6218508,3,,
2011,3372587567,50.9314247,11.6258434,3,,
2012,3372649401,50.9337936,11.6252469,3,,
2013,3374112732,50.9242027,11.5969371,3,,
2014,3375846068,50.9317835,11.5740452,4,,
2015,3376288591,50.9618914,11.5247336,1,,
2016,3376359766,50.8807941,11.5932817,1,,
2017,3376378693,50.8782976,11.5903192,3,,
2018,3376378694,50.8782715,11.5900078,3,,
2019,3376378695,50.878253,11.5897649,3,,
2020,3376378698,50.8781669,11.5867957,3,,
2021,3376378721,50.8902802,11.6132503,3,,
2022,3376386226,50.8905288,11.611953,3,,
2023,3376400187,50.8809209,11.6228477,3,,
2024,3376413725,50.8795217,11.629186,2,,
2025,3376441290,50.8993939,11.6039397,1,,
2026,3376475249,50.9031722,11.573913,3,,
2027,3376475250,50.9028356,11.5738173,3,,
2028,3376475251,50.9026124,11.573761,3,,
2029,3376477839,50.8962143,11.5746318,3,,
2030,3376515282,50.8931787,11.5754055,3,,
2031,3376517723,50.8900855,11.5798449,1,,
2032,3376544159,50.9251954,11.5933819,3,,
2033,3376568624,50.9337559,11.6054496,3,,
2034,3377349454,50.9232178,11.5903791,1,,
2035,3377364403,50.9356446,11.5989433,3,,
2036,3377719823,50.9353174,11.5976142,3,,
2037,3378080883,50.9334282,11.6025109,3,,
2038,3378142180,50.9307362,11.6010903,4,,
2039,3378346849,50.9320516,11.6030473,4,,
2040,3378367334,50.9284644,11.596957,3,,
2041,3378367338,50.9284574,11.5966045,4,,
2042,3378367343,50.9294357,11.6005298,3,,
2043,3378411818,50.9502835,11.5647672,1,,
2044,3378420410,50.9313134,11.604345,4,,
2045,3378727126,50.9301516,11.5986371,4,,
2046,3378945717,50.892608,11.5807347,3,,
2047,3378945729,50.8945405,11.5798777,1,,
2048,3378952848,50.8927246,11.5827081,3,,
2049,3378952857,50.8921874,11.5849744,3,,
2050,3378952858,50.8919996,11.5849615,3,,
2051,3378952861,50.8911372,11.5853034,3,,
2052,3378978309,50.9190169,11.5807443,1,,
2053,3379021819,50.9196191,11.5791391,1,turning_circle,
2054,3379021825,50.9215179,11.5785968,1,,
2055,3379021831,50.9248133,11.5796457,3,,
2056,3379021833,50.9244041,11.5820944,3,,
2057,3379022108,50.9070464,11.5672785,1,,
2058,3379022111,50.9072022,11.5672619,3,,
2059,3379022123,50.9090619,11.5725206,3,,
2060,3379022144,50.9175603,11.5693678,3,,
2061,3379022145,50.9173488,11.5693303,3,,
2062,3379022161,50.9160685,11.5692959,3,,
2063,3379046037,50.9510972,11.6082574,3,,
2064,3379046043,50.9504462,11.6092905,3,,
2065,3379425539,50.9337051,11.632461,3,,
2066,3379476707,50.9317628,11.624077,1,,
2067,3379542156,50.9335299,11.6239952,3,,
2068,3379556138,50.9338255,11.6258747,3,,
2069,3381578883,50.9291853,11.5968771,3,,
2070,3381578887,50.9307169,11.597169,3,,
2071,3382992805,50.9063903,11.5636928,3,,
2072,3382992807,50.9067639,11.5638204,1,,
2073,3382992817,50.9069956,11.5627097,3,,
2074,3382992819,50.9071483,11.5629136,1,,
2075,3383544692,50.9506137,11.5545151,1,turning_circle,
2076,3384351632,50.906789,11.5628125,3,,
2077,3384351634,50.9068819,11.5624706,1,,
2078,3384630455,50.9049182,11.5570109,3,,
2079,3384630456,50.9045759,11.5566653,3,,
2080,3387727780,50.9297031,11.5970247,3,,
2081,3387893286,50.930685,11.6170636,3,,
2082,3387893292,50.9304632,11.6169548,3,,
2083,3387893404,50.929739,11.6157491,3,,
2084,3388619496,50.9338371,11.6289654,3,,
2085,3388619518,50.9337772,11.6239798,3,,
2086,3389128108,50.9323991,11.5983711,3,,
2087,3389128118,50.9324487,11.5974574,3,,
2088,3389128131,50.9324289,11.5982719,1,,
2089,3389128152,50.9329868,11.5997944,3,,
2090,3389128165,50.933485,11.5981519,4,,
2091,3389128171,50.9341511,11.59803,3,,
2092,3390756768,50.8815395,11.6001561,2,,
2093,3390756781,50.8806649,11.6019471,3,,
2094,3390756782,50.8809452,11.6016222,3,,
2095,3390804277,50.8798233,11.6293008,3,,
2096,3396529111,50.9295306,11.5692885,3,,
2097,3396529113,50.9292346,11.5703707,3,,
2098,3399419213,50.9618624,11.5747409,3,,
2099,3579364826,50.8673617,11.597356,3,,
2100,3615473482,50.9269147,11.586488,3,,
2101,3615473484,50.9267076,11.5865456,3,,
2102,3615473485,50.9268949,11.5867508,3,,
2103,3615474293,50.926165,11.5866183,3,,
2104,3657138205,50.8938629,11.6081042,3,,
2105,3657138206,50.8941162,11.6079897,3,,
2106,3679976474,50.8986415,11.5509702,1,,
2107,3699465266,50.8707423,11.5708042,1,,
2108,3810605500,50.9210984,11.5710069,3,,
2109,3810605511,50.9217899,11.571515,3,,
2110,3810605512,50.9219342,11.5724582,4,,
2111,3810605516,50.923238,11.5763809,3,,
2112,3815165744,50.9234729,11.5757829,1,,
2113,3815165745,50.9238945,11.5757634,3,,
2114,3816638648,50.9240456,11.5726236,3,,
2115,3816866059,50.9515815,11.5633002,3,,
2116,3816866060,50.9516479,11.5633398,3,,
2117,3917886206,50.9251729,11.597842,1,turning_circle,
2118,3957330651,50.9321272,11.6142566,1,,
2119,3978374407,50.9103435,11.5890913,1,,
2120,3978374422,50.9114433,11.5915014,1,,
2121,3978392818,50.9096428,11.5911761,1,,
2122,3978548276,50.904953,11.6000707,1,,
2123,3981578808,50.9226164,11.5817598,3,,
2124,3981578809,50.9227072,11.5813831,1,,
2125,3981722315,50.9252366,11.5816568,1,,
2126,3981769317,50.9232455,11.5789601,3,,
2127,3981769318,50.9229567,11.5789698,1,,
2128,3992293970,50.9602323,11.6186926,1,,
2129,3994004894,50.9549483,11.636727,1,,
2130,3996080358,50.9458516,11.6558544,3,,
2131,4006073199,50.9460752,11.6018961,3,,
2132,4249423786,50.9272377,11.5687393,1,,
2133,4249424891,50.9273964,11.5674671,3,,
2134,4249424899,50.927469,11.5680006,3,,
2135,4402847735,50.9010862,11.5924692,3,,
2136,4402847738,50.9006312,11.5948331,1,,
2137,4415109190,50.8999494,11.5791668,1,,
2138,4599766171,50.9597871,11.6191129,3,,
2139,4625439014,50.960088,11.6183769,1,,
2140,4712566285,50.9580295,11.6207151,1,,
2141,4786295027,50.9604489,11.622866,3,,
2142,4815137813,50.9203862,11.6055503,3,,
2143,4815138328,50.9209665,11.6043852,3,,
2144,4815138337,50.9217326,11.6042674,4,,
2145,4832416279,50.9599366,11.6226043,3,,
2146,4919616467,50.9576537,11.6172774,4,,
2147,4919634287,50.9658548,11.6259641,3,,
2148,4977504778,50.935931,11.5995564,3,,
2149,4988432939,50.926815,11.6010468,1,,
2150,5097270962,50.9249975,11.5965491,3,,
2151,5098037610,50.924644,11.5995742,3,,
2152,5156037904,50.9140422,11.5708574,3,,
2153,5183770705,50.9458906,11.656043,3,,
2154,5194850697,50.8770969,11.6098197,3,,
2155,5194850698,50.8782054,11.6097016,1,turning_circle,
2156,5226001211,50.9588655,11.6137533,1,,
2157,5226001212,50.9597726,11.6141908,3,,
2158,5226001214,50.9604093,11.6135445,3,,
2159,5226001219,50.9604106,11.6111486,3,,
2160,5307354534,50.8777429,11.5868968,3,,
2161,5384635942,50.9265506,11.5916368,1,,
2162,5418298161,50.9555613,11.6143405,1,,
2163,5418298162,50.9549863,11.6140086,3,,
2164,5465118565,50.9546537,11.6153989,3,,
2165,5733931622,50.8932406,11.6046661,3,,
2166,5826977559,50.8962914,11.5737225,3,,
2167,5839931357,50.9019222,11.5776716,1,,
2168,5840099186,50.8608739,11.5986315,3,,
2169,5841757915,50.9511913,11.5643552,1,,
2170,6312375179,50.8847332,11.6138014,3,,
2171,6412795395,50.9328991,11.5969788,1,,
2172,6421304111,50.9231057,11.6001178,3,,
2173,6427403831,50.8812076,11.6013054,1,,
2174,6561454940,50.872216,11.5974253,3,,
2175,6573161592,50.9046433,11.5772046,3,,
2176,6744198334,50.9231142,11.5827379,3,,
2177,6744263101,50.929665,11.6010683,3,,
2178,6789760953,50.9283136,11.5202079,1,,
2179,6797639445,50.8991829,11.5794763,3,,
2180,6910685384,50.888272,11.6122707,3,,
2181,7048672130,50.8966786,11.5976584,1,,
2182,7103598352,50.9234009,11.5905149,1,,
2183,7119891868,50.9602033,11.617886,1,turning_circle,
2184,7119899024,50.955347,11.6076326,3,,
2185,7128764434,50.8917677,11.6128784,3,,
2186,7283699696,50.9318289,11.5901485,3,,
2187,7284121462,50.9312053,11.5885748,3,,
2188,7285146542,50.9344352,11.5846571,3,,
2189,7293292388,50.9349678,11.5888474,3,,
2190,7293292390,50.9351106,11.5888624,3,,
2191,7327143270,50.9349664,11.5894405,1,,
2192,7507609803,50.927902,11.5964237,3,,
2193,7549432502,50.9128644,11.5518554,1,,
2194,7720478751,50.9497707,11.6112301,3,,
2195,7720583246,50.950005,11.610705,3,,
2196,8021526669,50.9328783,11.5791648,3,,
2197,8280985574,50.9241716,11.5999222,1,,
2198,8281263654,50.9288436,11.5994083,3,,
2199,8281263660,50.9284493,11.5993072,4,,
2200,8281336966,50.9275167,11.6190796,3,,
2201,8281336967,50.9277104,11.6182743,3,,
2202,8281336969,50.9277801,11.6175464,3,,
2203,8281336973,50.9276951,11.616488,4,,
2204,8281336974,50.9272412,11.6126589,3,,
2205,8281336980,50.9271648,11.6125893,3,,
2206,8281336981,50.9265247,11.6126031,1,,
2207,8281385112,50.9155348,11.5923758,1,,
2208,8514717962,50.9733566,11.5369039,3,,
2209,8514717963,50.9733726,11.5369925,3,,
2210,8731498399,50.9217089,11.5693994,3,,
2211,8825631573,50.9633074,11.6248615,3,,
2212,8825631574,50.9637503,11.6234683,3,,
2213,8836086921,50.9630186,11.6258444,3,,
2214,8836086922,50.9618148,11.6247489,3,,
2215,8836086925,50.9620999,11.6238724,3,,
2216,8836086926,50.9619644,11.6242929,3,,
2217,8880757895,50.9276164,11.5686244,3,,
2218,9016257347,50.8953482,11.5810758,3,,
2219,9103468761,50.9231636,11.5827954,3,,
2220,9103468769,50.9231385,11.5829731,3,,
2221,9197591156,50.9213532,11.5649047,1,,
